code_type,code,name,qty,unit,category
full,8859708501164,2P ORIGINAL โอ้ มาย ทินท์ กลอส เบอร์ 01,0,,2P
full,8859708501171,2P ORIGINAL โอ้ มาย ทินท์ กลอส เบอร์ 02,0,,2P
full,8859708501188,2P ORIGINAL โอ้ มาย ทินท์ กลอส เบอร์ 03,0,,2P
full,8859708501195,2P ORIGINAL โอ้ มาย ทินท์ กลอส เบอร์ 04,0,,2P
full,8859708501201,2P ORIGINAL โอ้ มาย ทินท์ กลอส เบอร์ 05,0,,2P
full,8859708501218,2P ORIGINAL โอ้ มาย ทินท์ กลอส เบอร์ 06,0,,2P
full,8859708501225,2P ORIGINAL โอ้ มาย ทินท์ กลอส เบอร์ 07,0,,2P
full,8859708501232,2P ORIGINAL โอ้ มาย ทินท์ กลอส เบอร์ 08,0,,2P
full,8859708501249,2P ORIGINAL โอ้ มาย ทินท์ กลอส เบอร์ 09,0,,2P
full,8850723750612,Alese ไฮยา ไวท์ บูสเตอร์ ซุปเปอร์ เซรั่ม (ซอง),0,,ALESE
full,8858883517892,AP-052 แอชลี่ย์ อาย แอเรีย เพ็นซิล 04 น้ำตาล,0,,ashley
full,8858883517960,AA-239-01 แอชลี่ย์ ชาร์มมิ้ง ดับเบิ้ล อายลิด สติ๊กเกอร์ ไซค์ S,0,,ashley
full,8858883517977,AA-239-02 แอชลี่ย์ ชาร์มมิ้ง ดับเบิ้ล อายลิด สติ๊กเกอร์ ไซค์ M,0,,ashley
full,8858883518929,AA138 แอชลี่ย์ แปรงเสริมสวย เบอร์ 01,0,,ashley
full,8858883518936,AA138 แอชลี่ย์ แปรงเสริมสวย เบอร์ 02,0,,ashley
full,8858883518943,AA138 แอชลี่ย์ แปรงเสริมสวย เบอร์ 03,0,,ashley
full,8858883518950,AA138 แอชลี่ย์ แปรงเสริมสวย เบอร์ 04,0,,ashley
full,8858883518967,AA138 แอชลี่ย์ แปรงเสริมสวย เบอร์ 05,0,,ashley
full,8858883521264,AA-030 แอชลี่ ชุดแปรง เบอร์ 01 สีขาว,0,,ashley
full,8858883521295,AA-030 แอชลี่ ชุดแปรง เบอร์ 04 สีดำ,0,,ashley
full,8858883521868,AA-005 แอชลีย์ แปรงปัดแก้มด้ามสั้น #สีดำ,0,,ashley
full,8858883526627,AA115-01 แปรงเสริมสวย เบอร์ 01,0,,ashley
full,8858883526634,AA115-02 แปรงเสริมสวย เบอร์ 02,0,,ashley
full,8858883526764,AA-181 แอชลี่ย์ อุปกรณ์สำหรับกดสิว,0,,ashley
full,8858883526955,AA-005D-01 ashley แปรงปัดแก้มดามสั้น #สีทอง,0,,ashley
full,8858883527044,AA-186 แอชลี่ย์ มินิ พัฟ,0,,ashley
full,8858883536695,A-438 แอชลี่ย์ ออน สเทจ อายไลน์เนอร์ สีดำ เบอร์ 01,0,,ashley
full,8858883536701,A-438 แอชลี่ย์ ออน สเทจ อายไลน์เนอร์ สีน้ำตาล เบอร์ 02,0,,ashley
full,8858883536718,A-439 แอชลี่ย์ เพ็นซิล อายโบรว์ เบอร์ 01,0,,ashley
full,8858883536725,A-439 แอชลี่ย์ เพ็นซิล อายโบรว์ เบอร์ 02,0,,ashley
full,8858883536732,A-439 แอชลี่ย์ เพ็นซิล อายโบรว์ เบอร์ 03,0,,ashley
full,8858883536817,A-443 แอชลีย์ เพอร์เฟค โบรว์ เพ็นซิล เบอร์ 01,0,,ashley
full,8858883536824,A-443 แอชลีย์ เพอร์เฟค โบรว์ เพ็นซิล เบอร์ 02,0,,ashley
full,8858883536831,A-443 แอชลีย์ เพอร์เฟค โบรว์ เพ็นซิล เบอร์ 03,0,,ashley
full,8858883586577,AA-239-03 แอชลี่ย์ ชาร์มมิ้ง ดับเบิ้ล อายลิด สติ๊กเกอร์ ไซค์ L,0,,ashley
full,8858883586966,AA257 แอชลี่ย์ พัฟลายชมพูหินอ่อน,0,,ashley
full,8858883591090,AA277-01 แอชลี่ย์ คลาวดี้ เพาเวอร์ พัฟ (วงรี),0,,ashley
full,8858883591106,AA277-02 แอชลี่ย์ คลาวดี้ เพาเวอร์ พัฟ (วงกลม),0,,ashley
full,8858883592493,A-456 แอชลี่ย์ เพอร์เฟค โบรว์ เบอร์ 01,0,,ashley
full,8858883592509,A-456 แอชลี่ย์ เพอร์เฟค โบรว์ เบอร์ 02,0,,ashley
full,8858842009444,baby bright สลีปเวลล์ ซากุระฮีตติ้งอายมาสก์ (ชิ้น),0,,Baby Bright
full,8858842016596,Baby bright รีจูไลท์ไบร์ทแอนด์โกลว์ไพรเมอร์ฟาวเดชั่น (ซอง,0,,Baby Bright
full,8858842020685,baby bright มูสบราวพาวเดอร์เพนซิล เบอร์ 01,0,,Baby Bright
full,8858842020708,baby bright มูสบราวพาวเดอร์เพนซิล เบอร์ 02,0,,Baby Bright
full,8858842020746,baby bright มูสบราวพาวเดอร์เพนซิล เบอร์ 04,0,,Baby Bright
full,8858842022429,Baby bright รีจูไลท์สกินบูสติ้งเซรั่ม 0.7% พีดีอาร์เอ็น (ซอง,0,,Baby Bright
full,8858842027318,Baby bright โอลิจิอัพ 3ดีลิฟติ้งฟลูเฟสเน็ตเจลมาสก์ (ชิ้น,0,,Baby Bright
full,8858842029671,Baby Bright วีแกนบอดี้วอช แพร์ออร์ชาร์ด (เขียว),0,,Baby Bright
full,8858842029688,Baby Bright วีแกนบอดี้วอช บลอสซั่มบลูม (ชมพู),0,,Baby Bright
full,8858842042571,Baby Bright แทททู อายบราว ไลน์เนอร์ #01,0,,Baby Bright
full,8858842048818,Baby Bright แทททู อายบราว ไลน์เนอร์ #02,0,,Baby Bright
full,8858842048832,Baby Bright แทททู อายบราว ไลน์เนอร์ #03,0,,Baby Bright
full,8858842088760,baby bright lip cheekชิ้น,0,,Baby Bright
full,8858851405428,Beat Korea สเนล ครีม,0,,Beast Korea
full,8858851430352,Beat Korea แพลงก์ตอน คอลลาเจน เซรั่ม (ซอง),0,,Beast Korea
full,8859139601594,BK แอคเน่ เคลียร์ ซิก้า โกลว์ฟิต ยูวี (ซอง),0,,BK
full,8809851673263,bnb บลูมดิว อควา เพิร์ล คอนซีลเลอร์ LN0,0,,bnb
full,8809851673270,bnb บลูมดิว อควา เพิร์ล คอนซีลเลอร์ LW0,0,,bnb
full,8809851673287,bnb บลูมดิว อควา เพิร์ล คอนซีลเลอร์ MW0,0,,bnb
full,8809851673300,bnb บลูมดิว มูนไลท์ ดิวอี้ เมช คุชชั่น เบอร์ LN1,0,,bnb
full,8809851673317,bnb บลูมดิว มูนไลท์ ดิวอี้ เมช คุชชั่น เบอร์ LW1,0,,bnb
full,8809851673324,bnb บลูมดิว มูนไลท์ ดิวอี้ เมช คุชชั่น เบอร์ LW2,0,,bnb
full,8809851673331,bnb บลูมดิว มูนไลท์ ดิวอี้ เมช คุชชั่น เบอร์ MC1,0,,bnb
full,8809851673348,bnb บลูมดิว มูนไลท์ ดิวอี้ เมช คุชชั่น เบอร์ MW1,0,,bnb
full,8809851673836,Barenbliss โรลทู คลีน มาสคาร่า รีมูฟเวอร์,0,,bnb
full,8809851674062,bnb พีช เมค เพอร์เฟ็ค ลิป ทินท์ S14,0,,bnb
full,8809851674079,bnb พีช เมค เพอร์เฟ็ค ลิป ทินท์ S15,0,,bnb
full,8809851674086,bnb พีช เมค เพอร์เฟ็ค ลิป ทินท์ S16,0,,bnb
full,8809851674093,bnb พีช เมค เพอร์เฟ็ค ลิป ทินท์ S17,0,,bnb
full,8809851674109,bnb พีช เมค เพอร์เฟ็ค ลิป ทินท์ S18,0,,bnb
full,8809851674116,bnb พีช เมค เพอร์เฟ็ค ลิป ทินท์ S19,0,,bnb
full,8809851674123,bnb บลูมดิว มูนไลท์ ดิวอี้ เมช คุชชั่น เบอร์ FN1,0,,bnb
full,8809851674178,BNB มอยส์ โมจิ เพสต์ พาวเดอร์ ดูโอ้ พาเลท CH19,0,,bnb
full,8809851674185,BNB เพสต์ พาวเดอร์บลัช #บี10,0,,bnb
full,8809851674215,bnb BNB มอยส์ โมจิ เพสต์ พาวเดอร์ ไฮไลท์เตอร์ H99,0,,bnb
full,8809851674222,bnb BNB มอยส์ โมจิ เพสต์ พาวเดอร์ ไฮไลท์เตอร์ H21,0,,bnb
full,8809851674239,bnb BNB มอยส์ โมจิ เพสต์ พาวเดอร์ ไฮไลท์เตอร์ H56,0,,bnb
full,8809851674284,bnb สตาร์-เกลซซิ่ง สตีล ลิปเซอริน เบอร์ 377,0,,bnb
full,8809851674291,bnb สตาร์-เกลซซิ่ง สตีล ลิปเซอริน เบอร์ 118,0,,bnb
full,8809851674307,bnb สตาร์-เกลซซิ่ง สตีล ลิปเซอริน เบอร์ 066,0,,bnb
full,8809851674314,bnb สตาร์-เกลซซิ่ง สตีล ลิปเซอริน เบอร์ 018,0,,bnb
full,8809851674321,bnb สตาร์-เกลซซิ่ง สตีล ลิปเซอริน เบอร์ 222,0,,bnb
full,8809851675410,bnb มอยส์ โมจิ เพสต์ พาวเดอร์ บลัช บี09,0,,bnb
full,8859588118780,Glamfix วิ้งค์ อีร่า ป๊อปปิ้ง กลู-พรี อายแลช 01,0,,bnb
full,8859588118803,Glamfix วิ้งค์ อีร่า ป๊อปปิ้ง กลู-พรี อายแลช 03,0,,bnb
full,8859588118810,Glamfix วิ้งค์ อีร่า ป๊อปปิ้ง กลู-พรี อายแลช 04,0,,bnb
full,8859588118827,Glamfix วิ้งค์ อีร่า ป๊อปปิ้ง กลู-พรี อายแลช 05,0,,bnb
full,8859588118841,Glamfix วิ้งค์ อีร่า ป๊อปปิ้ง กลู-พรี อายแลช 07,0,,bnb
full,8859588118865,Glamfix วิ้งค์ อีร่า ป๊อปปิ้ง กลู-พรี อายแลช 09,0,,bnb
full,8859588118872,Glamfix วิ้งค์ อีร่า ป๊อปปิ้ง กลู-พรี อายแลช 10,0,,bnb
full,8858842019566,Boya คิวเท็น อัลตร้าไบรท์บอดี้บาธ ชมพู,0,,BOYA
full,8858842024362,Boya คิวเท็น ยูธฟลูโกลว์บอดี้บาธ กลิ่นพีช,0,,BOYA
full,8859279809027,Bq.Girl เฟรคซิโบลว์ เพอร์เฟค ดูโอ เพนซิล แอนด์ มาสคาร่า #01,0,,Bq.GIRL
full,8859279809034,Bq.Girl เฟรคซิโบลว์ เพอร์เฟค ดูโอ เพนซิล แอนด์ มาสคาร่า #02,0,,Bq.GIRL
full,8859279809041,Bq.Girl โฟร์ดี ทินท แท็ททู บราว #01,0,,Bq.GIRL
full,8859279809058,Bq.Girl โฟร์ดี ทินท แท็ททู บราว #02,0,,Bq.GIRL
full,8858842002513,Browit ฟอร์เอเวอร์ แลช อัพ มาสคาร่า #คลาสสิค แบล็ค,0,,Browit
full,8858842003794,Browit อายดอล เอชดี อินเนอร์ อายไลน์เนอร์ #แบล็ค,0,,Browit
full,8858842003930,Browit อายดอล เอชดี อินเนอร์ อายไลน์เนอร์ #บราวน์,0,,Browit
full,8858842005378,Browit ฟอร์เอเวอร์ โปร อายไลน์เนอร์ #ดีพแบล็ค,0,,Browit
full,8858842005392,Browit ฟอร์เอเวอร์ โปร อายไลน์เนอร์ #ดีพบราวน์,0,,Browit
full,8858842013144,Browit อะเวค คาเฟอีน อายบราว มาสคาร่า #โฮมมี่วู้ด,0,,Browit
full,8858842013168,Browit อะเวค คาเฟอีน อายบราว มาสคาร่า #ดาร์กบราวน์,0,,Browit
full,8858842013205,Browit อะเวค คาเฟอีน อายไลน์เนอร์ #วีว่าแบล็ค,0,,Browit
full,8858842013229,Browit อะเวค คาเฟอีน อายไลน์เนอร์ #รัสท์บราวน์,0,,Browit
full,8858842016381,Browit เชฟ อายบราว เพนซิล #01,0,,Browit
full,8858842016404,Browit เชฟ อายบราว เพนซิล #02,0,,Browit
full,8858842016428,Browit เชฟ อายบราว เพนซิล #03,0,,Browit
full,8858842016442,Browit เชฟ อายบราว เพนซิล #04,0,,Browit
full,8858842016466,Browit เชฟ เจล อายไลน์เนอร์ #01,0,,Browit
full,8858842016480,Browit เชฟ เจล อายไลน์เนอร์ #02,0,,Browit
full,8858842016503,Browit เชฟ เจล อายไลน์เนอร์ #03,0,,Browit
full,8858842016527,Browit เชฟ เจล อายไลน์เนอร์ #04,0,,Browit
full,8858842022887,Browit อายทูลิปไลน์เนอร์ เบอร์ 01,0,,Browit
full,8858842024409,Browit อายทูลิปไลน์เนอร์ เบอร์ 04,0,,Browit
full,8858842024423,Browit อายทูลิปไลน์เนอร์ เบอร์ 05,0,,Browit
full,8858842024447,Browit อายทูลิปไลน์เนอร์ เบอร์ 06,0,,Browit
full,8858842024461,Browit อายทูลิปไลน์เนอร์ เบอร์ 07,0,,Browit
full,8858842024485,Browit อายทูลิปไลน์เนอร์ เบอร์ 08,0,,Browit
full,8858842025901,Browit บราวอิท คลีนแอนด์แคร์ มาสคาร่า รีมูฟเวอร์,0,,Browit
full,8858842028902,Browit แกลมกาล่าบราวเพนซิล เบอร์ 01,0,,Browit
full,8858842028940,Browit แกลมกาล่าบราวเพนซิล เบอร์ 03,0,,Browit
full,8858842044100,Browit เซ็ตติ้ง อายบราว มาสคาร่า #04,0,,Browit
full,8858842052662,Browit ออโรร่า ลอง สเตย์ อายไลน์เนอร์ #ซุปเปอร์ แบล็ค,0,,Browit
full,8858842052723,Browit ออโรร่า ลอง สเตย์ อายไลน์เนอร์ #ดาร์ก บราวน์,0,,Browit
full,8858842055519,Browit ซีรี่ย์ วัน อีซี่ ดรออิ้ง บราว แชโดว์,0,,Browit
full,8858842062388,browit อริส ลอง สเตย์ อายบราว โพเมด #ชินนาม่อนบราวน์,0,,Browit
full,8858842062432,browit อริส ลอง สเตย์ อายบราว โพเมด #โรสวู้ดบราวน์,0,,Browit
full,8858842062487,browit อริส ลอง สเตย์ อายบราว โพเมด #ดาร์กซิลิกา,0,,Browit
full,8858842063699,บราวอิท ซีรี่ย์ วัน อีซี่ ดรออิ้ง บราว แชโดว์ #ดาร์ก บราวน์,0,,Browit
full,8858842064450,Browit โปร สลิม บราว เพนซิล #โกลเด้น บราวน์,0,,Browit
full,8858842064467,Browit โปร สลิม บราว เพนซิล #เนเชอรัล บราวน์,0,,Browit
full,8858842064474,Browit โปร สลิม บราว เพนซิล #คอปเปอร์ บราวน์,0,,Browit
full,8858842064481,Browit โปร สลิม บราว เพนซิล #เชอร์รี่ บราวน์,0,,Browit
full,8858842064498,Browit โปร สลิม บราว เพนซิล #แอช บราวน์,0,,Browit
full,8858842064665,Browit ไฮ เทคนิค ดูโอ้ อายไลเนอร์,0,,Browit
full,8858842070000,บราวอิท ไฮ เทคนิค ดูโอ้ อายไลน์เนอร์ #ซอฟท์ บราวน์,0,,Browit
full,8858842070802,บราวอิท ไฮ เทคนิค ดูโอ้ อายไลน์เนอร์ #โทป บราวน์,0,,Browit
full,8858842070987,บราวอิท สมูท แอนด์ สลิม อินเนอร์ อายไลเนอร์ #อัลมอนด์ บราวน์,0,,Browit
full,8858842072455,Browit สมูท แอนด์ สลิม อินเนอร์ อายไลน์เนอร์ #ดีพ บราวน์,0,,Browit
full,8858842072462,Browit สมูท แอนด์ สลิม อินเนอร์ อายไลน์เนอร์ #มิดไนท์ แบล็ค,0,,Browit
full,8858842072691,Browit โปรเฟสชั่นนอล ดูโอ้ มาสคาร่า #เซ็็กซี่แบล็ค,0,,Browit
full,8858842079362,Browit อายดอล แมทท์ แอนด์ โกลว์ แชโดว์ สติ๊ก #01,0,,Browit
full,8858842079447,Browit อายดอล แมทท์ แอนด์ โกลว์ แชโดว์ สติ๊ก #02,0,,Browit
full,8858842079461,Browit อายดอล แมทท์ แอนด์ โกลว์ แชโดว์ สติ๊ก #03,0,,Browit
full,8858842079522,Browit อายดอล แมทท์ แอนด์ โกลว์ แชโดว์ สติ๊ก #04,0,,Browit
full,8858842079942,Browit อายดอล แมทท์ แอนด์ โกลว์ แชโดว์ สติ๊ก #05,0,,Browit
full,8858842080139,Browit อายดอล แมทท์ แอนด์ โกลว์ แชโดว์ สติ๊ก #06,0,,Browit
full,8858842080191,Browit อายดอล แมทท์ แอนด์ โกลว์ แชโดว์ สติ๊ก #07,0,,Browit
full,8858842081709,Browit อายดอล วิง มาสคาร่า #วัน เเบล็ค,0,,Browit
full,8858842084090,Browit มาย เอเวอรี่เดย์ มาสคาร่า #01,0,,Browit
full,8858842098387,Browit เซ็ตติ้ง อายบราว มาสคาร่า #01,0,,Browit
full,8858842098394,Browit เซ็ตติ้ง อายบราว มาสคาร่า #02,0,,Browit
full,8858842098400,Browit เซ็ตติ้ง อายบราว มาสคาร่า #03,0,,Browit
full,8852525000285,BSC ฮันนี่ วี บีเอสซี เฟเชียล โฟม 100 กรัม,0,,bsc
full,8852525003460,bsc ซุปเปอร์ ไฮยาลิฟท์ ซี ไบรท์เทนนิ่ง เซรั่ม (ซอง),0,,bsc
full,8852525008809,BSC ฮันนี่ บีเอสซี ยูซุ วิตซี ไบร์ท์เทนนิ่ง เซรั่ม (ซอง),0,,bsc
full,8852525034167,bsc เรตินอล รีเซอเฟซซิ่ง กลาส สกิน เซรั่ม (ซอง),0,,bsc
full,8852525035218,BSC ซัน เอกจ บล็อค เซรั่ม เอสพรเฟ50+ พีเอ++++ (ซอง,0,,bsc
full,8852525035256,BSC สมูธติ้ง แมช ฟาวเดชั่น (ซอง),0,,bsc
full,8852525632431,BSC ฮันนี่ วี บีเอสซี บีบี พาวเดอร์,0,,bsc
full,8852525951051,BSC ฮันนี่ วี บีเอสซี เฟเชียล โฟม 180 กรัม,0,,bsc
full,8852525971912,bsc วิตามิน ไบรท์เทนนิ่ง เซรั่ม (ซอง),0,,bsc
full,8850722665412,บูเต้ ซุปเปอร์ออยล์คอนโทรลพาวเดอร์ 02,0,,Butae
full,8850722667065,บูเต้ ซุปเปอร์ออยล์คอนโทรลพาวเดอร์ เบอร์ 0Y,0,,Butae
full,8850722667072,บูเต้ ซุปเปอร์ออยล์คอนโทรลพาวเดอร์ เบอร์ 0P,0,,Butae
full,8809396170135,Cathy doll สวีทตี้เรซิพี ไซน์นี่เพอร์เพิลแคบเบจมาส์ก (ซอง,0,,Cathy doll
full,8809396170166,Cathy doll สวีทตี้เรซิพี ไลฟ์ลี่แครอทมาส์ก (ซอง),0,,Cathy doll
full,8858842006276,Cathy doll แอนตี้แอคเน่คูลลี่งเจลลี่มาสก์ (ซอง),0,,Cathy doll
full,8858842006290,Cathy doll มอยส์สแปลชคูลลิ่งเจลลี่มาสก์ (ซอง),0,,Cathy doll
full,8858842006313,Cathy doll พอร์ไทท์เทนนิ่งคูลลี่งเจลลี่มาสก์ (ซอง),0,,Cathy doll
full,8858842006337,Cathy doll เบาน์ซี่สกินคูลลี่งเจลลี่มาสก์ (ซอง),0,,Cathy doll
full,8858842006351,Cathy doll สปาร์คลิ่งไบร์ทคูลลิ่งเจลลี่มาสก์ (ซอง),0,,Cathy doll
full,8858842010341,Cathy doll ที่ดัดขนตามินิ,0,,Cathy doll
full,8858842016046,Cathy doll ไวท์ทามินซีคลีนซิ่งวอเตอร์ .,0,,Cathy doll
full,8858842017050,Cathy doll แฮร์รีมูฟวอลสเปรย์ .,0,,Cathy doll
full,8858842017159,Cathy doll โซลด์เอาท์ไฮยาบาล์ม เบอร์ 01,0,,Cathy doll
full,8858842017173,Cathy doll โซลด์เอาท์ไฮยาบาล์ม เบอร์ 02,0,,Cathy doll
full,8858842017197,Cathy doll โซลด์เอาท์ไฮยาบาล์ม เบอร์ 03,0,,Cathy doll
full,8858842017210,Cathy doll โซลด์เอาท์ไฮยาบาล์ม เบอร์ 04,0,,Cathy doll
full,8858842017234,Cathy doll โซลด์เอาท์ไฮยาบาล์ม เบอร์ 05,0,,Cathy doll
full,8858842017258,Cathy doll โซลด์เอาท์ไฮยาบาล์ม เบอร์ 06,0,,Cathy doll
full,8858842017272,Cathy doll โซลด์เอาท์ไฮยาบาล์ม เบอร์ 07,0,,Cathy doll
full,8858842017296,Cathy doll โซลด์เอาท์ไฮยาบาล์ม เบอร์ 08,0,,Cathy doll
full,8858842017821,Cathy Doll แอลกลูต้าไธโอนยูวีโพรเทคบอดีโลชั่น (ขวด),0,,Cathy doll
full,8858842020302,Cathy doll บายบายเบบี้ แฮร์มาสคาร่า,0,,Cathy doll
full,8858842021866,Cathy doll พาโรดี้ คิส โอเดอ พาร์ฟูม,0,,Cathy doll
full,8858842021880,Cathy doll ซีเคร็ท ไลบรารี โอเดอ พาร์ฟูม,0,,Cathy doll
full,8858842021903,Cathy doll รูจโพล โอเดอ พาร์ฟูม,0,,Cathy doll
full,8858842021934,Cathy doll พาโรดี้คิสเพอร์ฟูมโลชั่น (ซอง),0,,Cathy doll
full,8858842021941,cathy doll พาโรดี้คิสเพอร์ฟูมโลชั่น (1หลอด),0,,Cathy doll
full,8858842021965,cathy doll ซีเคร็ทไลบรารี่เพอร์ฟูมโลชั่น (1หลอด),0,,Cathy doll
full,8858842021996,Cathy doll ซีเคร็ทไลบรารี่เพอร์ฟูมโลชั่น (ซอง),0,,Cathy doll
full,8858842022009,cathy doll รูจโพลเพอร์ฟูมโลชั่น (1หลอด),0,,Cathy doll
full,8858842022030,Cathy doll รูจโพลเพอร์ฟูมโลชั่น (ซอง),0,,Cathy doll
full,8858842023440,Cathy doll โซลด์เอาท์ไฮยาบาล์ม เบอร์ 09,0,,Cathy doll
full,8858842023761,Cathy doll บอร์นทูบลิงก์ลิปคลิก เบอร์ 01,0,,Cathy doll
full,8858842023785,Cathy doll บอร์นทูบลิงก์ลิปคลิก เบอร์ 02,0,,Cathy doll
full,8858842023808,Cathy doll บอร์นทูบลิงก์ลิปคลิก เบอร์ 03,0,,Cathy doll
full,8858842023822,Cathy doll บอร์นทูบลิงก์ลิปคลิก เบอร์ 04,0,,Cathy doll
full,8858842023846,Cathy doll บอร์นทูบลิงก์ลิปคลิก เบอร์ 05,0,,Cathy doll
full,8858842023860,Cathy doll บอร์นทูบลิงก์ลิปคลิก เบอร์ 06,0,,Cathy doll
full,8858842023884,Cathy doll บอร์นทูบลิงก์ลิปคลิก เบอร์ 07,0,,Cathy doll
full,8858842023907,Cathy doll บอร์นทูบลิงก์ลิปคลิก เบอร์ 08,0,,Cathy doll
full,8858842023921,Cathy doll บอร์นทูบลิงก์ลิปคลิก เบอร์ 09,0,,Cathy doll
full,8858842023945,Cathy doll บอร์นทูบลิงก์ลิปคลิก เบอร์ 10,0,,Cathy doll
full,8858842065198,Cathy doll เรียลโบรว์โฟร์ดีทินท์ เบอร์ 01,0,,Cathy doll
full,8858842065204,Cathy doll เรียลโบรว์โฟร์ดีทินท์ เบอร์ 02,0,,Cathy doll
full,8858842065228,Cathy doll เรียลโบรว์โฟร์ดีทินท์ เบอร์ 04,0,,Cathy doll
full,18859856200305,Charmiss ไฮยาเชอร์รี่ ออยล์ คอนโทรล ไพรเมอร์ (ซอง,0,,charmiss
full,8859856200193,Charmiss แมทท์ ออล เดย์ แอคเน่ คุชชั่น เอสพีเอฟ 50 พีเอ++++ 01 (ซอง,0,,charmiss
full,8859856200209,Charmiss แมทท์ ออล เดย์ แอคเน่ คุชชั่น เอสพีเอฟ 50 พีเอ++++ เบอร์ 02 (ซอง,0,,charmiss
full,8859856200216,Charmiss แมทท์ ออล เดย์ แอคเน่ คุชชั่น เอสพีเอฟ 50 พีเอ++++ เบอร์ 03 (ซอง,0,,charmiss
full,8859856200285,Charmiss เพอร์เฟค ฮาร์ท เอฟเวอลาสติ้ง แมตต์ คุชชั่น เบอร์ 01,0,,charmiss
full,8859856200292,Charmiss เพอร์เฟค ฮาร์ท เอฟเวอลาสติ้ง แมตต์ คุชชั่น เบอร์ 02,0,,charmiss
full,8859856200308,Charmiss เพอร์เฟค ฮาร์ท เอฟเวอลาสติ้ง แมตต์ คุชชั่น เบอร์ 03,0,,charmiss
full,8859856200315,Charmiss จิวเวล เจลลี่ คริสตัล สติ๊ก เบอร์ 01,0,,charmiss
full,8859856200322,Charmiss จิวเวล เจลลี่ คริสตัล สติ๊ก เบอร์ 02,0,,charmiss
full,8859856200339,Charmiss จิวเวล เจลลี่ คริสตัล สติ๊ก เบอร์ 03,0,,charmiss
full,8859856200353,Charmiss จุ็ยซี่ ป๊อป ทินท์ #01,0,,charmiss
full,8859856200360,Charmiss จุ็ยซี่ ป๊อป ทินท์ #02,0,,charmiss
full,8859856200377,Charmiss จุ็ยซี่ ป๊อป ทินท์ #03,0,,charmiss
full,8859856200384,Charmiss จุ็ยซี่ ป๊อป ทินท์ #04,0,,charmiss
full,8859856200391,Charmiss จุ็ยซี่ ป๊อป ทินท์ #05,0,,charmiss
full,8859856200407,Charmiss จุ็ยซี่ ป๊อป ทินท์ #06,0,,charmiss
full,8859856200414,Charmiss จุ็ยซี่ ป๊อป ทินท์ #07,0,,charmiss
full,8859856200421,Charmiss จุ็ยซี่ ป๊อป ทินท์ #08,0,,charmiss
full,8859856200438,Charmiss จุ็ยซี่ ป๊อป ทินท์ #09,0,,charmiss
full,8859856200483,Charmiss ชาร์ม ออน กลาสซี่ สติ๊ก #01 (ชิ้น),0,,charmiss
full,8859856200506,Charmiss ชาร์ม ออน กลาสซี่ สติ๊ก #03 (ชิ้น),0,,charmiss
full,8859856200513,Charmiss ชาร์ม ออน กลาสซี่ สติ๊ก #04 (ชิ้น),0,,charmiss
full,8859856200520,Charmiss ชาร์ม ออน กลาสซี่ สติ๊ก #05 (ชิ้น),0,,charmiss
full,8859856200544,Charmiss ชาร์ม ออน กลาสซี่ สติ๊ก #07 (ชิ้น),0,,charmiss
full,8859856200551,Charmiss ชาร์ม ออน กลาสซี่ สติ๊ก #08 (ชิ้น),0,,charmiss
full,8858711987538,Cintage ซินเทจ บิวตี้ เบลอร์ ทินท์ ลิป เบอร์ 01 (ชิ้น),0,,Cintage
full,8858711987569,Cintage ซินเทจ บิวตี้ เบลอร์ ทินท์ ลิป เบอร์ 02 (ชิ้น),0,,Cintage
full,8858711988764,Cintage ซินเทจ บิวตี้ คิตต๊อก บลัช เบอร์ 02,0,,Cintage
full,8858711988832,Cintage โกลวี่ ทินท์ บาล์ม (ชิ้น),0,,Cintage
full,8852526894838,Clear Face วิตซี เนเชอรัล โซป (ชิ้น),0,,clear face
full,8858977022547,clear nose acne care solution cleanser,0,,clear nose
full,8858977099235,clear nose bright micro solution cleanser,0,,clear nose
full,8858977131164,clear nose วิตามินซี คอมแพล็กซ์ คลีนเซอร์ .,0,,clear nose
full,8858977142245,clear nose เซรั่มเข้มข้น HYA (ซอง),0,,clear nose
full,8858977223241,clear nose เจลสิว (ซอง),0,,clear nose
full,8858977000118,Clear Nose เอ็กซ์ตร้า มอยส์ สกิน แบริเออร์ มอยส์เจอร์ไรซิ่ง เจล ครีม (ซอง,0,,clear nose
full,8858977011008,clear nose มอยส์สกินแบริเออร์มอยส์เจอไรซิ่งเจล (),0,,clear nose
full,8858977090225,clear nose ลอกสิวเสี้ยน (ซอง),0,,clear nose
full,8858977114518,เคลียร์โนส แมทท์เซรั่มออยล์ฟรี (ซอง),0,,clear nose
full,8858977141156,เคลียร์โนส อโลเวร่าซูทติ้งไบร์ทเทนนิ่งเจล (ซอง),0,,clear nose
full,8858977239907,Clear nose แอคเน่ แคร์ โซลูชั่น บีบี 30 กรัม (1หลอด),0,,clear nose
full,8858977311610,เคลียร์โนส ไวท์ บอดี้ เดอร์ม่า เซรั่ม(),0,,clear nose
full,8858977422323,เคลียร์โนส กันแดด บูสเตอร์ (ซอง),0,,clear nose
full,8858977511140,Clear nose ยูวี บอดี้ ซันเซรั่ม SPF50+ PA++++ (ซอง,0,,clear nose
full,8858977879998,clear nose แอคเน่ แคร์ โซลูั่น เฟเชียล คลีนเซอร์ (ซอง,0,,clear nose
full,8858977900227,clear nose แอคเน่ แคร์ โซลูชั่น เซรั่ม (ซอง),0,,clear nose
full,8858977922908,เคลียร์โนส เซรั่มวิตามินซีบูสเตอร์ (ซอง),0,,clear nose
full,8858977999504,clear nose แอคเน่ แคร์ โซลูชั่น บีบี คอนซีลเลอร์ (ซอง,0,,clear nose
full,8859048105541,Cosluxe วิ้งค์กี้ อายส์ บับเบิ้ล กัม อายแลชเชส-3D สไตล์ เบอร์ 01,0,,Cosluxe
full,8859048105558,Cosluxe วิ้งค์กี้ อายส์ บับเบิ้ล กัม อายแลชเชส-3D สไตล์ เบอร์ 02,0,,Cosluxe
full,8859048105565,Cosluxe วิ้งค์กี้ อายส์ บับเบิ้ล กัม อายแลชเชส-3D สไตล์ เบอร์ 03,0,,Cosluxe
full,8859048105572,Cosluxe วิ้งค์กี้ อายส์ บับเบิ้ล กัม อายแลชเชส-3D สไตล์ เบอร์ 04,0,,Cosluxe
full,8859048105589,Cosluxe วิ้งค์กี้ อายส์ บับเบิ้ล กัม อายแลชเชส-3D สไตล์ เบอร์ 05,0,,Cosluxe
full,8859048105596,Cosluxe วิ้งค์กี้ อายส์ นอน-สติ๊ก โปร (แหนบคีบขนตาปลอม),0,,Cosluxe
full,8859048105633,Cosluxe วิ้งค์กี้ อายส์ บับเบิ้ล กัม อายแลชเชส เบอร์ 04,0,,Cosluxe
full,8859048105640,Cosluxe วิ้งค์กี้ อายส์ บับเบิ้ล กัม อายแลชเชส เบอร์ 05,0,,Cosluxe
full,8859048105657,Cosluxe วิ้งค์กี้ อายส์ บับเบิ้ล กัม อายแลชเชส เบอร์ 06,0,,Cosluxe
full,38850080760102,Cute Press อิเวอร์รี่ เพอร์เฟ็ค สกิน พลัส วิตามิน อี ฟาวเดชั่น พาวเดอร์ #P2 (ชิ้น,0,,cute press
full,38850080760263,cute press แป้งรีทัช N1 (ชิ้น),0,,cute press
full,68850080752993,Cute press วัน ไนท์ ไบรท์เทนนิ่ง โอเวอร์ไนท์ มาส์ค (ซอง,0,,cute press
full,68850080760493,Cute Press มาย แมช ฟาวเดชั่น เอสพีเอฟ เอ็น40 (ซอง,0,,cute press
full,68850080762060,Cute Press อินเวอร์รี่ รีทัช พอร์ มินิไมซิ่ง แอนด์ ออยล์ คอนโทรล ไพรเมอร์ (ซอง,0,,cute press
full,68850080762077,Cute Press อินเวอร์รี่ สโนว์ ออยล์ คอนโทรล ไพรเมอร์ (ซอง,0,,cute press
full,8859588111781,Dazzle Me เก็ทอะกริป เมคอัพเซ็ทติ้งสเปรย์+แมทฟิกซ์,0,,DAZZLE ME
full,8859588115338,Dazzle Me เก็ท อะ กริป เซ็ทติ้ง สเปรย์ แอคเน่ ซูทติ้ง,0,,DAZZLE ME
full,8859588115482,Dazzle Me ล็อค & ป๊อป วอลลุ่มแม็กซ์-ซิ่ง มาสคาร่า,0,,DAZZLE ME
full,8859588115499,Dazzle Me ล็อค & ป๊อป ลองแลช-ติ้ง มาสคาร่า,0,,DAZZLE ME
full,8859588115680,Dazzle Me ล็อค & วิ้งค์! ไฮเปอร์ สลิม อายไลเนอร์ (ชิ้น),0,,DAZZLE ME
full,8859588115697,Dazzle Me ล็อค & วิ้งค์! ไฮเปอร์ สเตย์ อายไลเนอร์ (ชิ้น),0,,DAZZLE ME
full,8859588115994,Dazzle me ล็อค & เชป! สลิม-ฟิต อายโบรว์ เพนซิล #แอช บราวน์,0,,DAZZLE ME
full,8859588116007,Dazzle me ล็อค & เชป ซุปเปอร์ สเตย์ อายโบรว์ เพนซิล (ดาร์ก บราวน์,0,,DAZZLE ME
full,8859588116021,Dazzle me ล็อค & เชป ซุปเปอร์ สเตย์ อายโบรว์ เพนซิล (แอช บราวน์,0,,DAZZLE ME
full,8859588116557,Dazzle me เบทเทอร์ แดน ฟิลเตอร์ เอชดี อินวิซิเบิล พาวเดอร์ (ชิ้น,0,,DAZZLE ME
full,8859588116939,Dazzle me อิ้งค์-เจลลี่ โกลว์ ทินท์ เบอร์ 193,0,,DAZZLE ME
full,8859588116946,Dazzle me อิ้งค์-เจลลี่ โกลว์ ทินท์ เบอร์ 210,0,,DAZZLE ME
full,8859588116953,Dazzle me อิ้งค์-เจลลี่ โกลว์ ทินท์ เบอร์ 105,0,,DAZZLE ME
full,8859588116960,Dazzle me อิ้งค์-เจลลี่ โกลว์ ทินท์ เบอร์ 982,0,,DAZZLE ME
full,8859588116977,Dazzle me อิ้งค์-เจลลี่ โกลว์ ทินท์ เบอร์ 122,0,,DAZZLE ME
full,8859588117035,Dazzle me เก็ท อะ กริป! เมคอัพ เซ็ทติ้ง สเปรย์ ไพร์ม+เซ็ท แอนตี้-โพลูชั่น (ขวด,0,,DAZZLE ME
full,8859588117479,Dazzle me แคชเซิล มี อิ้งค์-ไวนิล ลิป แล็กเกอร์ #035,0,,DAZZLE ME
full,8859588117486,Dazzle me แคชเซิล มี อิ้งค์-ไวนิล ลิป แล็กเกอร์ #008,0,,DAZZLE ME
full,8859588117493,Dazzle me แคชเซิล มี อิ้งค์-ไวนิล ลิป แล็กเกอร์ #099,0,,DAZZLE ME
full,8859588117509,Dazzle me แคชเซิล มี อิ้งค์-ไวนิล ลิป แล็กเกอร์ #233,0,,DAZZLE ME
full,8859588117516,Dazzle me แคชเซิล มี อิ้งค์-ไวนิล ลิป แล็กเกอร์ #555,0,,DAZZLE ME
full,8859588117837,Dazzle me โอเวอร์ โกลว์ พีเอช ลิป ออยล์ พี68,0,,DAZZLE ME
full,8859588117844,Dazzle me โอเวอร์ โกลว์ พีเอช ลิป ออยล์ N77,0,,DAZZLE ME
full,8859588117851,Dazzle me โอเวอร์ โกลว์ พีเอช ลิป ออยล์ P36,0,,DAZZLE ME
full,8859588117868,Dazzle me โอเวอร์ โกลว์ พีเอช ลิป ออยล์ O20,0,,DAZZLE ME
full,8859588117875,Dazzle me โอเวอร์ โกลว์ พีเอช ลิป ออยล์ R98,0,,DAZZLE ME
full,8859588117882,Dazzle me โอเวอร์ โกลว์ พีเอช ลิป ออยล์ R39,0,,DAZZLE ME
full,8859588118551,Dazzle me เก็ท อะ กริป เมคอัพ เซ็ตติ้ง สเปรย์ ไฮโดร ฟิกซ์ (สีฟ้า,0,,DAZZLE ME
full,8859588118568,Dazzle me แอคเน่ อาร์เมอร์ รีมูฟเวอร์ ไวพส์,0,,DAZZLE ME
full,8850723743614,DS001 ดีเซ้ย์ ลิปรีแพร์เซรั่ม,0,,deesay
full,8852660633119,ดีเซ้ย์ เนียน รองพื้น (ซอง) NO.01,0,,deesay
full,8852660633126,ดีเซ้ย์ เนียน รองพื้น (ซอง) NO.02,0,,deesay
full,8857125071024,แป้งดีเช้ย์เบอร์2 (ตลับใหญ่) 11.5กรัม,0,,deesay
full,8857125071062,deesay เนียนสมู้ทแอนด์แมทฟาวเดชั่นพาวเดอร์ NO.01,0,,deesay
full,8857125071079,deesay เนียนสมู้ทแอนด์แมทฟาวเดชั่นพาวเดอร์ NO.02,0,,deesay
full,8859510304168,ดีเซ้ย์ ไดฟูกุโกลว์วี่ซอฟต์สกินแอนด์แมทซันสกรีนไฮโพรเท็กชั่น,0,,deesay
full,8859510304656,2 448,0,,deesay
full,8859510306018,Deesay แอร์ทัช ฟินิช มี คอนซีลเลอร์ เบอร์ 01,0,,deesay
full,8859510306025,Deesay แอร์ทัช ฟินิช มี คอนซีลเลอร์ เบอร์ 02,0,,deesay
full,8859510306032,Deesay แอร์ทัช ฟินิช มี คอนซีลเลอร์ เบอร์ 03,0,,deesay
full,8859510306049,Deesay แอร์ทัช ฟินิช มี คอนซีลเลอร์ เบอร์ 04,0,,deesay
full,8859510307329,Deesay เดย์ อควา มอยส์ ซันสกรีน เซรั่ม .,0,,deesay
full,8859820000033,DEESAY เนียนลิขวิดไพรเมอร์แอนด์ 01,0,,deesay
full,8859820000040,DEESAY เนียนลิขวิดไพรเมอร์แอนด์ 02,0,,deesay
full,8859820000149,Deesay ลิปรีแพร์เซรั่มสวีทพีช,0,,deesay
full,8859820000200,Deesay ลิปรีแพร์เซรั่มกลิตเตอร์เชอร์รี่,0,,deesay
full,8859820000392,Deesay ดีเซ้ย์ ฟีเธอร์ ซอฟท์ เบลอริ่ง คุชชั่น เอสพีเอฟ50+ พีเอ++++ เบอร์ 01,0,,deesay
full,8859820000408,Deesay ดีเซ้ย์ ฟีเธอร์ ซอฟท์ เบลอริ่ง คุชชั่น เอสพีเอฟ50+ พีเอ++++ เบอร์ 02,0,,deesay
full,8859820000415,Deesay ดีเซ้ย์ ฟีเธอร์ ซอฟท์ เบลอริ่ง คุชชั่น เอสพีเอฟ50+ พีเอ++++ เบอร์ 03,0,,deesay
full,8859820000422,Deesay ดีเซ้ย์ ฟีเธอร์ ซอฟท์ เบลอริ่ง คุชชั่น เอสพีเอฟ50+ พีเอ++++ เบอร์ 04,0,,deesay
full,8800066000127,เดอร์มีดี แผ่นซับสิว (ชิ้น),0,,DERMEDY
full,8809632320072,เดอร์มีดี เอซี เครียร์ แพทช์ พลัส 4 อิน 1 (ซอง),0,,DERMEDY
full,8809632320102,เดอร์มีดี เอซี เครียร์ แพทช์ หัวใจ มินิ ฮาร์ท (ซอง),0,,DERMEDY
full,8850000099915,แพ็ค,0,,DERMEDY
full,8850000099922,แพ็ค,0,,DERMEDY
full,8850000099939,แพ็ค,0,,DERMEDY
full,8850000099946,แพ็ค,0,,DERMEDY
full,8855566633313,เดอร์มีดี มัลติ ไวต้า ไวท์เทนนิ่ง มาสก์ #ชมพู (ซอง),0,,DERMEDY
full,8855566633320,เดอร์มีดี มัลติ ไวต้า ไบรท์เทนนิ่ง มาสก์ #ส้ม (ซอง),0,,DERMEDY
full,8855566633337,เดอร์มีดี มัลติ ไวต้า เบบี้ สกิน มาสก์ #ฟ้า (ซอง),0,,DERMEDY
full,8855566633344,เดอร์มีดี มัลติ ไวต้า แอคเน่ เคลียร์ มาสก์ #เขียว (ซอง,0,,DERMEDY
full,8858569354124,เดอร์มีดี ฟอร์เบทเทอร์แบ็คแอคเน่สเปรย์,0,,DERMEDY
full,8859578632548,เดอร์มีดี เอชิเคลียร์แอคทิฟเจนเทิลคลีนเซอร์,0,,DERMEDY
full,8859617811002,แพ็ค,0,,DERMEDY
full,8859617811019,แพ็ค,0,,DERMEDY
full,8859617811026,แพ็ค,0,,DERMEDY
full,8858842024515,ดร.นิกส์ ทรี มี นิทส์ โทนเนอร์ มาสก์ เฟร์มมิ่ง (แผ่น),0,,Dr.Niks
full,8858842024539,ดร.นิกส์ ทรี มี นิทส์ โทนเนอร์ มาสก์ คาร์มมิ่ง (แผ่น),0,,Dr.Niks
full,8858842024553,ดร.นิกส์ ทรี มี นิทส์ โทนเนอร์ มาสก์ พอร์มินิไมซิ่ง (แผ่น,0,,Dr.Niks
full,8858842024577,ดร.นิกส์ ทรี มี นิทส์ โทนเนอร์ มาสก์ ไบร์เทนนิ่ง (แผ่น,0,,Dr.Niks
full,8859128303768,East-Skin วิตามิน อโล เวร่า มอยเจอร์ไรซิ่ง ทรีดี เฟเชี่ยล มาร์ค (แผ่น,0,,east skin
full,8859128303805,East-Skin วิตามิน โพเมกราเนต ไบรท์เทนนิ่ง ทรีดี เฟเชี่ยล มาส์ค (แผ่น,0,,east skin
full,8859128303829,East-Skin วิตามิน โทเมโท้ เฮลท์ธี่ สกิน ทรีดี เฟเชี่ยล มาร์ค (แผ่น,0,,east skin
full,8859128303942,East-Skin คิวคัมเบอร์ มอยซเจอร์ไรซิ่ง ทรีดี เฟเชี่ยล มาส์ค (แผ่น,0,,east skin
full,8859128303973,East-Skin อโล เวร่า มอยซ์เจอร์ไรซิ่ง ทรีดี เฟเชี่ยล มาร์ค (แผ่น,0,,east skin
full,8859128303997,East-Skin โทเมโท้ มอยเจอร์ไรซิ่ง ทรีดี เฟเชี่ยล มาส์ค (แผ่น,0,,east skin
full,8859128304031,อีส-สกิน สเนล มิวคัส มอยซ์เจอร์ไรซิ่ง ทรีดี เฟเชี่ยล มาร์ค (แผ่น,0,,east skin
full,8859128305519,East-Skin คอลลาเจน ทรีดี เฟเชี่ยล มาส์ค (แผ่น),0,,east skin
full,8859210600072,freshment ซูธติ้งแอนด์มอยซ์เจอร์อโลเจล,0,,freshment
full,8859210600447,freshment คาล์มมิ่งแอนด์มอยซ์เจอร์ไรซิ่งซิก้าเจล,0,,freshment
full,8859210602014,freshment ไวท์มิลค์กี้กลูต้าสครับ,0,,freshment
full,8859210602021,freshment ไวแทมมารีนวิตามินซีไบรท์เทนนิ่งสครับ,0,,freshment
full,8858799593409,ฟูจิ เฮเซล สโนว์ เพิร์ล พาวเดอร์ สีชมพู,0,,FUJI
full,8858799593416,ฟูจิ เฮเซล สโนว์ พาวเดอร์ สีเหลือง,0,,FUJI
full,8858799593492,ฟูจิ เฮเซลครีมสโนว์เพิร์ล,0,,FUJI
full,8858799593706,ฟูจิ เฮเซล สโนว์ เพิร์ล โรลออน (สีชมพู),0,,FUJI
full,8858799594888,ฟูจิ เฮเซลครีมสโนว์มอยเจอร์ไรซิ่งครีม,0,,FUJI
full,8859214840412,Gental Colors ฟิกซิ่ง สเปรย์ แมตต์ สีดำ,0,,Gentle Colors
full,8859214840429,Gental Colors ฟิกซิ่ง สเปรย์ ดิวอี้ สีขาว,0,,Gentle Colors
short5,00042,HADABIREI โลชั่น น้ำตบ,0,,HADABIREI
full,8850121100019,ฮาดะบิเรอิ ไวท์เทนนิ่ง ครีม เจล,0,,HADABIREI
full,8850121100026,ฮาดะบิเรอิ แอคเน่ แคร์ ครีม เจล,0,,HADABIREI
full,8856155000042,HADABIREI ไวท์เทนนิ่ง เอสเซ้นส์ โลชั่น,0,,HADABIREI
full,8856155000059,HADABIREI แอคเน่ แคร์ เอสเซ้นส์ โลชั่น,0,,HADABIREI
full,8856155000080,HADABIREI ลิฟติ้ง เอสเซ้นส์ โลชั่น,0,,HADABIREI
full,8856155000097,HADABIREI ทริปเปิล ซี ไวท์ เอสเซ้นส์ โลชั่น,0,,HADABIREI
full,8856155000172,HADABIREI สกิน แบริเออร์ เอสเซ้นส์ โลชั่น,0,,HADABIREI
full,8856155100018,ฮาดะบิเรอิ ทริปเปิลซีไวท์ครีมเจล,0,,HADABIREI
full,8857126283129,inn บิวตี้ ไฮยา-อโลซิก้าไบร์ทเจล (ชอง),0,,inn
full,8857126283167,inn บิวตี้ กลูต้า-คอลลาเจนพลัสซีเซรั่มเจล (ชอง),0,,inn
full,8857126283297,อินน์ บิวตี้ เบบ บัตต์ เซรั่ม ครีม (ซอง),0,,inn
full,8857126283457,อินน์ บิวตี้ สกิน นู้ด แมตต์ ฟาวเดชั่น (ซอง),0,,inn
full,8857126283907,อินน์ บิวตี้ เพอร์เฟคท์ ไพรเมอร์ (ชิ้น),0,,inn
full,8857126283990,inn บิวตี้ นาโนไบร์ทเจล (ซอง),0,,inn
full,8859772500025,อินน์ บิวตี้ เมจิก ชาร์ป ไลน์เนอร์ (ชิ้น),0,,inn
full,8859772500087,inn กลูต้าไวท์ซูตติ้งมอยส์ (),0,,inn
full,8859772500124,inn บิวตี้ เมจิกแลชเคิร์ล 01 (ซอง),0,,inn
full,8859772500148,inn บิวตี้ ทรูแมตต์ลิป 01 (ชิ้น),0,,inn
full,8859772500162,inn บิวตี้ ทรูแมตต์ลิป 02 (ชิ้น),0,,inn
full,8859772500186,inn บิวตี้ เมจิกแลชเคิร์ล 02 (ซอง),0,,inn
full,8850114010653,Jabs นอริชชิ่ง รีแพร์ริ่ง ลิปแคร์ เซรั่ม เบอร์ 04,0,,Jabs
full,8850114011100,Jabs เฟรช แอนด์ ฟลอว์เลส บอดี้สครับ สีเขียว,0,,Jabs
full,8850114011155,Jabs เฟรช แอนด์ ฟลอว์เลส บอดี้สครับ สีน้ำตาล,0,,Jabs
full,8850114011162,Jabs เฟรช แอนด์ ฟลอว์เลส บอดี้สครับ สีชมพู,0,,Jabs
full,8850114011209,Jabs ไบร์ท บูสเตอร์ วอเตอร์ รีซิสแจนท์ ยูวี บอดี้ ครีม,0,,Jabs
full,8850114011339,Jabs ไบร์ทบูสเตอร์วอเตอร์รีซิสเเตนท์ยูวีบอดี้ครีม (ซอง,0,,Jabs
full,8850114907281,Jabs เมคอัพรีมูฟเวอร์ไวส์ครีมมี่พลัสคาโมมายล์,0,,Jabs
full,8850114907779,Jabs คลีนนี่ แคร์,0,,Jabs
full,8850114907878,Jabs ไบรท์บูสเตอร์ยูวีโพเทคชั่นบอดี้เซรั่ม,0,,Jabs
full,8850114908004,Jabs 3D อินวิซิเบิลแอคเน่แพ็ทช์ (ซอง),0,,Jabs
full,8850114908080,Jabs คลีนนี่ แคร์ ไวพส์ เอ็กซ์ตร้า มายด์,0,,Jabs
full,8850114908301,Jabs ไบรท์บูสเตอร์ยูวีโพรเทคชั่นบอดี้โลชั่น (ซอง),0,,Jabs
full,8850114908431,Jabs โลชั่นกันแดดวอเตอร์เมล่อนสมูทตี้ไบร์ทเทนสกิน (ซอง,0,,Jabs
full,8850114908868,Jabs เมคอัพ รีมูฟเวอร์ ไวพส์ วอเตอร์พรูฟ อะเวย์ สีฟ้า,0,,Jabs
full,8850114908905,Jabs เมคอัพ รีมูฟเวอร์ ไวพส์ วอเตอร์พรูฟ อะเวย์ สีฟ้า,0,,Jabs
full,8850114909131,Jabs เมคอัพ รีมูฟเวอร์ ไวพส์ แอนด์ ไบร์ท สีส้ม,0,,Jabs
full,8850114909179,Jabs เมคอัพ รีมูฟเวอร์ ไวพส์ แอนด์ ไบร์ท สีส้ม,0,,Jabs
full,8850114909230,Jabs เมคอัพ รีมูฟเวอร์ ไวพส์ แอคเน่ แคร์ สีเขียว,0,,Jabs
full,8850114909278,Jabs เมคอัพ รีมูฟเวอร์ ไวพส์ แอคเน่ แคร์ สีเขียว,0,,Jabs
full,8859690407550,โจจิ ซีเคร็ท ยัง ไบรท์ แอนด์ สมูธ อันเดอร์อาร์ม ครีม (ซอง,0,,Joji
full,8859690407574,joji ซีเคร็ท ยัง เมลาสม่า โปร เดย์ ครีม แอนด์ ดาร์ก สปอต ไนท์ เซรั่ม (ซอง,0,,Joji
full,8859690407864,โจจิ ซีเคร็ท ยัง ไบรท์ แอนด์ สมูธ อามพิท แฮร์ รีมูฟเวอร์ ครีม (ซอง,0,,Joji
full,8859690407888,โจจิ ซีเคร็ท ยัง โซ สมูธ บอดี้ แฮร์ รีมูฟเวอร์ ครีม (ซอง,0,,Joji
full,8859690408724,joji ซีเคร็ทยัง แอสต้าแซนธินจากสารสกัดสาหร่ายสีแดงคิวเท็นพลัสมิกซ์เบอร์รี่,0,,Joji
full,8859690409264,joji ซีเคร็ท ยัง พิ้งค์ สแปลช ดีดี ครีม แอนด์ เมจิก คอลซีลเลอร์ (ซอง,0,,Joji
full,8859690409615,joji ซีเคร็ท ยัง ฟอร์ เมน ไบรท์ แอนด์ ออยล์ คอนโทรล ยูวี โพรเทคท์ เอสพีเอฟ 15 (ซอง,0,,Joji
full,8859690414961,Joji บัตเตอร์ มิ้ลค์ แฮนด์ ครีม (สีฟ้า),0,,Joji
full,8859690414978,Joji วิตามิน บูสเตอร์ แฮนด์ ครีม (สีเหลือง),0,,Joji
full,8859690414985,Joji อัลมอนด์ แอนด์ อะโวคาโด แฮนด์ ครีม (สีเขียว),0,,Joji
full,8859690415562,Joji ลูมิโกลว์-ซี พิงค์ เลม่อน,0,,Joji
full,8859690416286,Joji บูตี้ ไบร์ท แอนตี้-สเตรทช์ มาร์ค ครีม (ซอง),0,,Joji
full,8859690417153,Joji รีจู-ไวท์ ไฮโดรเจล มาส์ก สีฟ้า (ซอง),0,,Joji
full,8859690417160,Joji รีจู-เฟิร์ม ไฮโดรเจล มาส์ก สีทอง (ซอง),0,,Joji
full,8859690417177,Joji รีจู-พลัมพ์ ไฮโดรเจล มาส์ก สีม่วง (ซอง),0,,Joji
full,8859690417184,Joji รีจู-เคลียร์ ไฮโดรเจล มาส์ก สีเขียว (ซอง),0,,Joji
full,8859690417191,Joji รีจู-ยูธ ไฮโดรเจล มาส์ก สีชมพู (ซอง),0,,Joji
full,8859210601604,จุ๊บ จุ๊บ โพรไบโอติกส์ เมาท์วอช ไวแทลลิตี้ พีช (ชมพู),0,,JUB JUB
full,8859210601611,จุ๊บ จุ๊บ โพรไบโอติกส์ เมาท์วอช คูล เปปเปอร์มิ้นต์ (ฟ้า),0,,JUB JUB
full,8859210601628,จุ๊บ จุ๊บ โพรไบโอติกส์ เมาท์วอช เฟรช เกรปฟรุต (ส้ม),0,,JUB JUB
full,8859210601635,จุ๊บ จุ๊บ โพรไบโอติกส์ เมาท์วอช ไวแทลลิตี้ พีช (ชมพู),0,,JUB JUB
full,8859210601642,จุ๊บ จุ๊บ โพรไบโอติกส์ เมาท์วอช คูลเปปเปอร์มิ้นนต์ (ฟ้า),0,,JUB JUB
full,8859210601659,จุ๊บ จุ๊บ โพรไบโอติกส์ เมาท์วอช เฟรช เกรปฟรุต (เหลือง),0,,JUB JUB
full,8859210603424,JUB JUB โพรไบโอติก ออรัล สเปรย์ ไวแทลลิตี้ พีช (ชมพู),0,,JUB JUB
full,8859210603431,JUB JUB โพรไบโอติก ออรัล สเปรย์ ซักคิวเลนต์ เกรป (ม่วง),0,,JUB JUB
full,8859210603448,JUB JUB โพรไบโอติก ออรัล สเปรย์ กรีน แอปเปิ้ล (เขียว),0,,JUB JUB
full,8859210604353,JUP JUP รีเฟรชชิ่ง ออรัล สเปรย์ จัสมิน กรีนที (สีเหลือง),0,,JUB JUB
full,8858882901340,Jula's Herb แตงโมซอง (ซอง),0,,Jula's Herb
full,8858882901500,Jula's Herb ลำใยซอง (ซอง),0,,Jula's Herb
full,8858882901548,Jula's Herb ดีดีครีมหน้าเนียนแตงโมหลอด,0,,Jula's Herb
full,8858882901555,Jula's Herb เซรั่มทาฝ้าลำใยหลอด,0,,Jula's Herb
full,8858882901753,Jula's Herb สบู่แตงโม (ก้อน),0,,Jula's Herb
full,8858882901760,Jula's Herb สบู่ดาวเรือง (ก้อน),0,,Jula's Herb
full,8858882901876,jula's herb เซรั่มหน้าใสแครอท (ซอง),0,,Jula's Herb
full,8858882901906,jula watermelon ee cushion (ซอง),0,,Jula's Herb
full,8858882901920,julasherb watermelon bb body lotion (ซอง),0,,Jula's Herb
full,8858882901982,jula s herb เซรั่มบำรุงผิวหน้าขิงดำ (ซอง),0,,Jula's Herb
full,8858882902200,jula's herb เซรั่มหน้าใสแครอทหลอด,0,,Jula's Herb
full,8858882902286,julasherb สบู่ลำใย (ก้อน),0,,Jula's Herb
full,8858882902293,julas herb jdent 3 in 1 herbal white toothpaste,0,,Jula's Herb
full,8858882902408,Jula's Herb วอเตอร์เมลอนเมจิคลิปทิ้นท์ 01 (ซอง),0,,Jula's Herb
full,8858882902415,Jula's Herb วอเตอร์เมลอนเมจิคลิปทิ้นท์ 02 (ซอง),0,,Jula's Herb
full,8858882902422,Jula's Herb วอเตอร์เมลอนเมจิคลิปทิ้นท์ 03 (ซอง),0,,Jula's Herb
full,8858882902781,จุฬาเฮิร์บ เจลบำรุงผิวมะรุม (ซอง),0,,Jula's Herb
full,8858882903085,Jula's Herb วอเตอร์เมลอน ฟิลเตอร์ ฟิก แมทท์ คอนโทรล พาวเดอร์ 01,0,,Jula's Herb
full,8858882903153,Jula's Herb อโวคาโดไฮโดรล็อกมอยส์เจอร์ครีม (),0,,Jula's Herb
full,8858882903238,Jula's Herb วอเตอร์เมลอน ไฮโดร ไวท์ เอสเซนส์,0,,Jula's Herb
full,8858882903283,จุฬาเฮิร์บ เมลอนมิลก์ยูวีเอสเซนส์ (ซอง),0,,Jula's Herb
full,8858882903320,หล.,0,,Jula's Herb
full,8858882903368,จุฬาเฮิร์บ กลูต้า-ไฮยาบูสเตอร์เซรั่ม (ซอง),0,,Jula's Herb
full,8858882903412,Jula's herb คาเลนดูล่า แอนติ-แอคเน่ สปอต เจล (ซอง,0,,Jula's Herb
full,8858882903467,Jula's Herb มอรินก้า คอมพลีต รีแพร์ เซรั่ม (1หลอด),0,,Jula's Herb
full,8858882903474,หล.,0,,Jula's Herb
full,8858882903481,Jula's herb คาเลนดูล่า แอนติ-แอคเน่ สปอต เจล 15 กรัม,0,,Jula's Herb
full,8858882903511,Jula'herb วอเตอร์เมลอน ทรีดี ออร่า ซัน การ์ด เอสพีเอฟ50+ พีเอ++++ (ซอง,0,,Jula's Herb
full,8858882903610,Jula's Herb วอเตอร์เมลอน แทททู ลิป เบอร์ 01 (ซอง,0,,Jula's Herb
full,8858882903627,Jula's Herb วอเตอร์เมลอน แทททู ลิป เบอร์ 02 (ซอง,0,,Jula's Herb
full,8858882903634,Jula's Herb วอเตอร์เมลอน แทททู ลิป เบอร์ 03 (ซอง,0,,Jula's Herb
full,8858882903979,Jula's herb วอเตอร์เมลอน ทรีดี ออร่า ซัน การ์ด เอสพีเอฟ50+ พีเอ++++ (1หลอด,0,,Jula's Herb
full,8858882904006,Jula's Herb บลู โรส ไบร์ทเทนนิ่ง อันเดอร์อาร์ม ครีม (ซอง,0,,Jula's Herb
full,8858882904037,Jula'Herb วอเตอร์เมลอน อีอี คุชชั่น แมตต์ สี 01 (ซอง,0,,Jula's Herb
full,8858882904068,Jula'herb เรด ออเร้นจ์ ออร่า ไบรท์ บอดี้ โลชั่น (ซอง,0,,Jula's Herb
full,8858882904150,Jula's herb วอเตอร์เมลอน ออร่า คลีนซิ่ง วิป โฟม (ซอง,0,,Jula's Herb
short5,78233,Kikumi สกิน นูริชเมนท์ แอคเน่ สการ์ เจล (ซอง),0,,Kikumi
full,8852525017535,KMA (ซอง)วอเตอร์ รีซิสต์ ลิควิด ฟาวเดชั่น (N04),0,,KMA
full,8852525037960,KMA เคเอ็มเอ วอเตอร์ รีซิสต์ ลิควิด ฟาวเดชั่น เอ็น 01 (ซอง,0,,KMA
full,8852525037984,KMA เคเอ็มเอ วอเตอร์ รีซิสต์ ลิควิด ฟาวเดชั่น เอ็น 06 (ซอง,0,,KMA
full,8859088803070,KMA เอเวอร์ ไบร์ท ซุปเปอร์ เซรั่ม (ซอง),0,,KMA
full,8859690415869,Lemon me เคลียร์ แมตต์ แอบซอร์บิง ชีตส์,0,,Lemon me
full,8859690415890,Lemon me พัฟ เฟรช ออยล์ แอบซอร์เบอร์ (สีชมพู),0,,Lemon me
full,8859690415906,Lemon me พัฟ เฟรช ออยล์ แอบซอร์เบอร์ (สีฟ้า),0,,Lemon me
full,8859690415913,Lemon me พัฟ เฟรช ออยล์ แอบซอร์เบอร์ (สีเหลือง,0,,Lemon me
full,8859690416132,Lemon me ฟัน ฟัน คลิก เม้ลทิ่ง ลิป เบอร์ 01,0,,Lemon me
full,8859690416149,Lemon me ฟัน ฟัน คลิก เม้ลทิ่ง ลิป เบอร์ 02,0,,Lemon me
full,8859690416156,Lemon me ฟัน ฟัน คลิก เม้ลทิ่ง ลิป เบอร์ 03,0,,Lemon me
full,8859690416163,Lemon me ฟัน ฟัน คลิก เม้ลทิ่ง ลิป เบอร์ 04,0,,Lemon me
full,8859690416170,Lemon me ฟัน ฟัน คลิก เม้ลทิ่ง ลิป เบอร์ 05,0,,Lemon me
full,8859690416187,Lemon me ฟัน ฟัน คลิก เม้ลทิ่ง ลิป เบอร์ 06,0,,Lemon me
full,8859690416194,Lemon me ฟัน ฟัน คลิก เม้ลทิ่ง ลิป เบอร์ 07,0,,Lemon me
full,8858842009659,Lip it มิลค์กี้ซิกเนเจอร์แมทท์ ลิป เบอร์ 01,0,,Lip it
full,8858842009673,Lip it มิลค์กี้ซิกเนเจอร์แมทท์ ลิป เบอร์ 02,0,,Lip it
full,8858842009697,Lip it มิลค์กี้ซิกเนเจอร์แมทท์ ลิป เบอร์ 03,0,,Lip it
full,8858842009710,Lip it มิลค์กี้ซิกเนเจอร์แมทท์ ลิป เบอร์ 04,0,,Lip it
full,8858842009734,Lip it มิลค์กี้ซิกเนเจอร์แมทท์ ลิป เบอร์ 05,0,,Lip it
full,8858842009758,Lip it มิลค์กี้ซิกเนเจอร์แมทท์ ลิป เบอร์ 06,0,,Lip it
full,8858842009772,Lip it มิลค์กี้ซิกเนเจอร์แมทท์ ลิป มินต์สตอว์เบอร์รี่,0,,Lip it
full,8858842022825,Lipit ทินท์มีเฮลธ์ตี้ ลิปบาล์ม เบอร์ 05,0,,Lip it
full,8858842023501,Lipit ปังปังลิปไพรเมอร์ เบอร์ 01,0,,Lip it
full,8858842023525,Lipit ปังปังลิปไพรเมอร์ เบอร์ 02,0,,Lip it
full,8858842023549,Lipit ปังปังลิปไพรเมอร์ เบอร์ 03,0,,Lip it
full,8858842023686,Lipit ปังปังลิปไพรเมอร์ เบอร์ 04,0,,Lip it
full,8858842023709,Lipit ปังปังลิปไพรเมอร์ เบอร์ 05,0,,Lip it
full,8858842023747,Lipit ปังปังลิปไพรเมอร์ เบอร์ 06,0,,Lip it
full,8858842026144,Lip it อัมเบรลลาซันบาล์ม เบอร์ 01 #สีเขียว,0,,Lip it
full,8858842026168,Lip it อัมเบรลลาซันบาล์ม เบอร์ 02 #สีส้ม,0,,Lip it
full,8858842029558,Lipit ทินท์มีเฮลธ์ตี้ ลิปบาล์ม เบอร์ 01,0,,Lip it
full,8858842029619,Lipit ทินท์มีเฮลธ์ตี้ ลิปบาล์ม เบอร์ 04,0,,Lip it
full,8858518026959,MC9137 เม ลินดา กรรไกรตัดเล็บ สีชมพู,0,,MEILINDA
full,8858518026980,MC9138 เม ลินดา กรรไกรตัดเล็บ สีชมพู,0,,MEILINDA
full,8858518028250,MC5102 ชิฟฟ่อน ริบบ้อน บลัช เบอร์ 01,0,,MEILINDA
full,8858518028267,MC5102 ชิฟฟ่อน ริบบ้อน บลัช เบอร์ 02,0,,MEILINDA
full,8858518028311,MC4316 เม ลินดาแปรงแต่งหน้า เบอร์ 04,0,,MEILINDA
full,8858518028328,MC4316 เม ลินดาแปรงแต่งหน้า เบอร์ 05,0,,MEILINDA
full,8858518028335,MC4316 เม ลินดาแปรงแต่งหน้า เบอร์ 06,0,,MEILINDA
full,8858518028359,MC4316 เม ลินดาแปรงแต่งหน้า เบอร์ 07,0,,MEILINDA
full,8858518028366,MC4316 เม ลินดาแปรงแต่งหน้า เบอร์ 09,0,,MEILINDA
full,8858518028373,MC4316 เม ลินดาแปรงแต่งหน้า เบอร์ 10,0,,MEILINDA
full,8858518028397,MC4316 เม ลินดาแปรงแต่งหน้า เบอร์ 12,0,,MEILINDA
full,8858518028403,MC4316 เม ลินดาแปรงแต่งหน้า เบอร์ 13,0,,MEILINDA
full,8858518028410,MC4316 เม ลินดาแปรงแต่งหน้า เบอร์ 14,0,,MEILINDA
full,8858518028731,MC2080 ฮาร์ทตี้ โกลวี่ ทินท์ เบอร์ 01,0,,MEILINDA
full,8858518028779,MC2080 ฮาร์ทตี้ โกลวี่ ทินท์ เบอร์ 05,0,,MEILINDA
full,8858518028786,MC2080 ฮาร์ทตี้ โกลวี่ ทินท์ เบอร์ 06,0,,MEILINDA
full,8858518028793,MC2080 ฮาร์ทตี้ โกลวี่ ทินท์ เบอร์ 07,0,,MEILINDA
full,8858518028809,MC2080 ฮาร์ทตี้ โกลวี่ ทินท์ เบอร์ 08,0,,MEILINDA
full,8858518028847,MC8019S เม ลินดา ครีมมี่ เบลนดิ้ง คอเรคเตอร์ เบอร์ 01 (ซอง,0,,MEILINDA
full,8858518028854,MC8020S เม ลินดา ครีมมี่ เบลนดิ้ง คอนซีลเลอร์ เบอร์ 01 (ซอง,0,,MEILINDA
full,8858518028861,MC8020S เม ลินดา ครีมมี่ เบลนดิ้ง คอนซีลเลอร์ เบอร์ 02 (ซอง,0,,MEILINDA
full,8858518029059,MC8021 เม ลินดา แอร์รี่ ฟิตติ้ง ฟาวน์เดชั่น เบอร์ 01,0,,MEILINDA
full,8858518029066,MC8021 เม ลินดา แอร์รี่ ฟิตติ้ง ฟาวน์เดชั่น เบอร์ 02,0,,MEILINDA
full,8858518029073,MC8021 เม ลินดา แอร์รี่ ฟิตติ้ง ฟาวน์เดชั่น เบอร์ 03,0,,MEILINDA
full,8858518029080,MC8021 เม ลินดา แอร์รี่ ฟิตติ้ง ฟาวน์เดชั่น เบอร์ 04,0,,MEILINDA
full,8858518029097,MC8021 เม ลินดา แอร์รี่ ฟิตติ้ง ฟาวน์เดชั่น เบอร์ 05,0,,MEILINDA
full,8858518029103,MC5106 ชิฟฟ่อน ริบบ้อน ไฮไลท์,0,,MEILINDA
full,8858518029110,MC5107 ชิฟฟ่อน ริบบ้อน คอนทัวร์,0,,MEILINDA
full,8858518029141,MC8021S เม ลินดา แอร์รี่ ฟิตติ้ง ฟาวเดชั่น เบอร์ 01 (ซอง,0,,MEILINDA
full,8858518029158,MC8021S เม ลินดา แอร์รี่ ฟิตติ้ง ฟาวเดชั่น เบอร์ 03 (ซอง,0,,MEILINDA
full,8858518029165,MC8022 เม ลินดา เพอร์เฟ็ค เซ็ตติ้ง สเปรย์,0,,MEILINDA
full,8858518029189,MC5108 เม ลินดา เฉด ป๊อป คอนทัวร์ แอนด์ ไฮไลท์ เบอร์ 01,0,,MEILINDA
full,8858518029196,MC5108 เม ลินดา เฉด ป๊อป คอนทัวร์ แอนด์ ไฮไลท์ เบอร์ 02,0,,MEILINDA
full,8858518029264,MC3135 ชิฟฟ่อน ริบบ้อน อาย พาเลทท์ เบอร์ 01,0,,MEILINDA
full,8858518029288,MC3135 ชิฟฟ่อน ริบบ้อน อาย พาเลทท์ เบอร์ 03,0,,MEILINDA
full,8858518029295,MC3135 ชิฟฟ่อน ริบบ้อน อาย พาเลทท์ เบอร์ 04,0,,MEILINDA
full,8859433703246,MERREZ'CA สกินอัพวอเตอร์เบส #กรีน (ซอง),0,,Merrez'Ca
full,8859433705899,เมอร์เรซกา สกิน รีเฟรชซิ่ง ยูวี เอสเซนซ์ เอสพีเอฟ50+/พีเอ++++,0,,Merrez'Ca
full,8859433717014,MERREZ'CA วอเตอร์เบลอลิ่งลิปทินท์ 03 (ซอง),0,,Merrez'Ca
full,8859433718011,MERREZ'CA วอเตอร์เบลอลิ่งลิปทินท์ 02 (ซอง),0,,Merrez'Ca
full,8859433718028,MERREZ'CA วอเตอร์เบลอลิ่งลิปทินท์ 01 (ซอง),0,,Merrez'Ca
full,8859433723237,MERREZ'CA เพอร์เฟคแมตต์ฟาวเดชั่น #ไลท์เบจ (ซอง,0,,Merrez'Ca
full,8859433731065,MERREZ'CA เพอร์เฟคแมตต์ฟาวเดชั่น #ซอฟต์เบจ (ซอง,0,,Merrez'Ca
full,8859433788007,Merrez'ca เทิร์น ออน บลัช #01,0,,Merrez'Ca
full,8859433788014,Merrez'ca เทิร์น ออน บลัช #02,0,,Merrez'Ca
full,8859433788021,Merrez'ca เทิร์น ออน บลัช #03,0,,Merrez'Ca
full,8859433788038,Merrez'ca เทิร์น ออน บลัช #04,0,,Merrez'Ca
full,8859433788045,Merrez'ca เทิร์น ออน บลัช #05,0,,Merrez'Ca
full,8859433788052,Merrez'ca เทิร์น ออน บลัช #06,0,,Merrez'Ca
full,8859433788069,Merrez'ca เทิร์น ออน บลัช #07,0,,Merrez'Ca
full,8859433788076,Merrez'ca เทิร์น ออน บลัช #08,0,,Merrez'Ca
full,8859433788083,Merrez'ca ลาสติ้ง ราวด์ อควา ลิป เบอร์ 01 (ชิ้น),0,,Merrez'Ca
full,8859433788090,Merrez'ca ลาสติ้ง ราวด์ อควา ลิป เบอร์ 02 (ชิ้น),0,,Merrez'Ca
full,8859433788106,Merrez'ca ลาสติ้ง ราวด์ อควา ลิป เบอร์ 03 (ชิ้น),0,,Merrez'Ca
full,8859433788113,Merrez'ca ลาสติ้ง ราวด์ อควา ลิป เบอร์ 04 (ชิ้น),0,,Merrez'Ca
full,8859433788120,Merrez'ca ลาสติ้ง ราวด์ อควา ลิป เบอร์ 05 (ชิ้น),0,,Merrez'Ca
full,8859433788137,Merrez'ca ลาสติ้ง ราวด์ อควา ลิป เบอร์ 06 (ชิ้น),0,,Merrez'Ca
full,8859433788144,Merrez'ca ลาสติ้ง ราวด์ อควา ลิป เบอร์ 07 (ชิ้น),0,,Merrez'Ca
full,8859433788151,Merrez'ca ลาสติ้ง ราวด์ อควา ลิป เบอร์ 08 (ชิ้น),0,,Merrez'Ca
full,8859433788168,Merrez'ca ลาสติ้ง ราวด์ อควา ลิป เบอร์ 09 (ชิ้น),0,,Merrez'Ca
full,8859433788175,Merrez'ca ลาสติ้ง ราวด์ อควา ลิป เบอร์ 10 (ชิ้น),0,,Merrez'Ca
full,8859433788182,Merrez'ca ลาสติ้ง ราวด์ อควา ลิป เบอร์ 11 (ชิ้น),0,,Merrez'Ca
full,8859433788199,Merrez'ca ลาสติ้ง ราวด์ อควา ลิป เบอร์ 12 (ชิ้น),0,,Merrez'Ca
full,8859433788595,Merrez'ca ซอฟต์ ทินท์ ลิขวิด บลัช เบอร์ 01 (ชิ้น),0,,Merrez'Ca
full,8859433788618,Merrez'ca ซอฟต์ ทินท์ ลิขวิด บลัช เบอร์ 02 (ชิ้น),0,,Merrez'Ca
full,8859433788632,Merrez'ca ซอฟต์ ทินท์ ลิขวิด บลัช เบอร์ 03 (ชิ้น),0,,Merrez'Ca
full,8859433791229,Merrez'ca อายไพรเมอร์ แอนด์ คอเรคเตอร์ #พีช (ซอง,0,,Merrez'Ca
full,8859433797641,Merrez'ca สเตน สเตย์ ออล-อิน-ทินต์ #01,0,,Merrez'Ca
full,8859433797672,Merrez'ca สเตน สเตย์ ออล-อิน-ทินต์ #02,0,,Merrez'Ca
full,8859433797702,Merrez'ca สเตน สเตย์ ออล-อิน-ทินต์ #03,0,,Merrez'Ca
full,8859433797733,Merrez'ca ลิป แอนด์ ชีค แทททู ทิ้นท์ เบอร์ 01 (ซอง,0,,Merrez'Ca
full,8859433797757,Merrez'ca ลิป แอนด์ ชีค แทททู ทิ้นท์ เบอร์ 02 (ซอง,0,,Merrez'Ca
full,8859433797955,Merrez'ca เดย์-ทู-ไนท์ เมคอัพ ฟิกซิ่ง สเปรย์,0,,Merrez'Ca
full,8859433799157,Merrez'ca ซอฟต์ ทินท์ ลิขวิด บลัช เบอร์ 04 (ชิ้น),0,,Merrez'Ca
full,8859433799164,Merrez'ca ซอฟต์ ทินท์ ลิขวิด บลัช เบอร์ 05 (ชิ้น),0,,Merrez'Ca
full,8859141304544,Mille ซุปเปอร์ไวท์เทนนิ่งโกลด์โรสบีบีครีม 02 (ซอง),0,,MILLE
full,8859141304629,Mille ไบร์ทเทนนิ่ง ออร่า คอลลาเจน (ซอง),0,,MILLE
full,8859141308412,MILLE สเนลไบร์ทไพรเมอร์,0,,MILLE
full,8859141308597,MILLE บลิ๊งค์ไบร์ทบอดี้ไพรเมอร์ครีม #ฟลอรัลพีทัลล์ (ซอง,0,,MILLE
full,8859141308726,MILLE ไบร์ทเทนนิ่งออร่าคอลลาเจน 8กรัม,0,,MILLE
full,8859141309075,Mille เพอร์เฟ็กต์ แมทท์ ลอง แวร์ คุชชั่น เอสพีเอฟ50 สี 01 (ซอง,0,,MILLE
full,8859141309082,MILLE เพอร์เฟ็กต์ แมทท์ ลอง แวร์ คูชั่น เอสพีเอฟ50 พีเอ+++ เบอร์ 02 (ซอง,0,,MILLE
full,8859141309099,Mille อะเซโรลา วิตซี เจลลี่ ฟิกซ์ เบอร์ 01 (ซอง),0,,MILLE
full,8859141309105,Mille อะเซโรลา วิตซี เจลลี่ ฟิกซ์ เบอร์ 02 (ซอง),0,,MILLE
full,8859141309112,Mille อะเซโรลา วิตซี เจลลี่ ฟิกซ์ เบอร์ 03 (ซอง),0,,MILLE
full,8859141309341,MILLE ไวท์เทนนิ่ง โรส เปปไทด์ ไนน์ คอมเพล็กซ์ มัลติวิตามิน เจลครีม (ซอง,0,,MILLE
full,8859141309365,Mille ไวท์เทนนิ่ง โรส เปปไทด์ ไนน์ เจลโฟม (ซอง),0,,MILLE
full,8859141309464,Mille เพอร์เฟ็กต์ โกลว์ สกิน คัฟเวอร์ เบลอริ่ง คุชชั่น เบอร์ 01 (ซอง,0,,MILLE
full,8859141309488,Mille เพอร์เฟ็กต์ โกลว์ สกิน คัฟเวอร์ เบลอริ่ง คุชชั่น เบอร์ 02 (ซอง,0,,MILLE
full,8859141309518,Mille เพอร์เฟ็กต์ โกลว์ สกิน คัฟเวอร์ เบลอริ่ง คุชชั่น เบอร์ 2.5 เบจ (ซอง,0,,MILLE
full,8859141309532,Mille เพอร์เฟ็กต์ แมทท์ ลองแวร์ คุชชั่น เบอร์ 2.5 เบจ (ซอง,0,,MILLE
full,8859141309570,Mille ดูโอ ไพรเมอร์ แอนด์ แมทท์ คุชชั่น เบอร์ 01 (ซอง,0,,MILLE
full,8859141309587,Mille ดูโอ ไพรเมอร์ แอนด์ แมทท์ คุชชั่น เบอร์ 2.5 (ซอง,0,,MILLE
full,8859141309624,Mille ดูโอ ไพรเมอร์ แอนด์ โกลว์ คุชชั่น เบอร์ 01 (ซอง,0,,MILLE
full,8859141309631,Mille ดูโอ ไพรเมอร์ แอนด์ โกลว์ คุชชั่น เบอร์ 02 (ซอง,0,,MILLE
full,8859141309648,Mille ดูโอ ไพรเมอร์ แอนด์ โกลว์ คุชชั่น เบอร์ 2.5 (ซอง,0,,MILLE
full,8859141309662,MILLE ดูโอ้ ไวท์เทนนิ่ง โรส เปปไทด์ คอมเพล็กซ์ มัลติวิตามิน (ซอง,0,,MILLE
full,8859141309686,Mille ดูโอ คอลลาเจน ซันสกรีน แอนด์ ไบร์ท ไพรเมอร์ (ซอง,0,,MILLE
full,8859141309716,Mille เบลอ ลาสติ้ง ไพรเมอร์ (ซอง),0,,MILLE
full,8859141309723,Mille เบลอ ลาสติ้ง ไพรเมอร์ 8g. (หลอด),0,,MILLE
full,8859214800188,มิซึมิ เซรั่มลดรอยสิว,0,,MizuMi
full,8859214800256,มิซึมิ ยูวีไบรท์บอดี้เซรั่มSPF50+PA++++,0,,MizuMi
full,8859214800294,มิซึมิ ไฮยาแอคเน่รีแพร์เซรั่ม แบบหลอด,0,,MizuMi
full,8859214800379,MizuMi ยูวี ไบรท์ บอดี้ เซรั่ม ฟราแกรนซ์ ฟรี,0,,MizuMi
full,8859214800508,มิซึมิ เอนไซม์ รีจู เฟเชียล คลีนเซอร์ แอคเน่ (สีเขียว),0,,MizuMi
full,8859214800515,มิซึมิ เอนไซม์ รีจู เฟเชียล คลีนเซอร์ ไบรท์ (สีชมพู),0,,MizuMi
full,8859214800522,มิซึมิ เอนไซม์ รีจู เฟเชียล คลีนเซอร์ คอลลาเจน (สีฟ้า),0,,MizuMi
full,8859214800539,MizuMi ยูวีคูลลิ่งบอดี้เซรั่ม,0,,MizuMi
full,8859214800720,Mizumi มิซึมิ ยูวี ไบร์ท บอดี้ เซรั่ม เบจ สีเหลือง,0,,MizuMi
full,8859214800737,Mizumi มิซึมิ ยูวี ไบร์ท บอดี้ เซรั่ม ไลแลค สีม่วง,0,,MizuMi
full,8859214800881,Mizumi แอคเน่ สกิน ฟิต อินวิชิเบิล แพด สีเขียว,0,,MizuMi
full,8859214800898,Mizumi ไบร์ท สกิน ฟิต อินวิชิเบิล แพด สีชมพู,0,,MizuMi
full,8859214800904,Mizumi ซูททิง สกิน ฟิต อินวิชิเบิล แพด สีฟ้า,0,,MizuMi
full,8859214829011,mizumi เจลแต้มสิว (ซอง),0,,MizuMi
full,8859214829028,mizumi เชรั่มลดรอยสิว (ซอง),0,,MizuMi
full,8859214829035,mizumi ซัลเฟอร์ แอคเน่ เคลย์ (ซอง),0,,MizuMi
full,8859214829080,มิซึมิ เซรั่มลดสิว (ซอง),0,,MizuMi
full,8859214829110,MizuMi ยูวีแอคเน่แมทเซรั่ม (ซอง),0,,MizuMi
full,8859214829127,MizuMi แอดวานซ์ไนอะซินาไมด์ฟิฟทีนคอนเซนเทรทเซรั่ม (ซอง,0,,MizuMi
full,8859214829134,MizuMi แอดวานซ์นีโอ-ทีเอ็กซ์บีทรีคอนเซนเทรทเซรั่ม (ซอง,0,,MizuMi
full,8859214829141,MizuMi แอดวานซ์นีโอโซมซ๊คอนเซนเทรทเซรั่ม (ซอง,0,,MizuMi
full,8859214829158,มิซึมิ อโลพลัสซีบูสเตอร์,0,,MizuMi
full,8859214829165,MizuMi ดรายเรสคิวอินเทนส์เมลท์-อินครีม (ซอง),0,,MizuMi
full,8859214829172,MizuMi ซิกาสูทติ้งมอยส์เจอร์เจล (ซอง),0,,MizuMi
full,8859214829189,mizumi มึซึมิ บีทรี ไวท์ บูสเตอร์ โซพ (ชิ้น),0,,MizuMi
full,8859214829196,Mizumi ยูวี วอเตอร์ เซรั่ม (ซอง),0,,MizuMi
full,8859214829202,Mizumi มิซึมิ ยูวี เจลลี่ อควา เฟรช (ซอง),0,,MizuMi
full,8859214829219,MizuMi ยูวี ไบร์ท บอดี้ เซรั่ม (ซอง),0,,MizuMi
full,8859214829226,Mizumi ยูวี ไบร์ท บอดี้ เซรั่ม ฟราแกรนซ์ ฟรี (ซอง),0,,MizuMi
full,8859214829233,Mizumi ฟิลเตอร์ เอฟเฟกต์ แอรี่ สกินแคร์ คุชชั่น เบอร์ 01 (ซอง,0,,MizuMi
full,8859214829264,Mizumi ยูวี อัลติเมท แมตต์ แอนด์ ออยล์ คอนโทรล ซันสกรีน (ซอง,0,,MizuMi
full,8859214829288,Mizumi ซิก้าฟิวส์ คาร์มมิ่ง มาสก์ ซูททิง สีฟ้า (ซอง),0,,MizuMi
full,8859214829295,Mizumi ซิก้าฟิวส์ คาร์มมิ่ง มาสก์ แอคเน่ สีเขียว (ซอง,0,,MizuMi
full,8859214829301,Mizumi ซิก้าฟิวส์ คาร์มมิ่ง มาสก์ ไวท์ สีขาว (ซอง),0,,MizuMi
full,8859214829349,Mizumi ซิก้าฟิวส์ คาร์มมิ่ง มาสก์ ไทรอัล เซต (แผ่น),0,,MizuMi
short5,78230,กล.,0,,Moods
short5,78231,Moods อโล เวร่า วอเตอร์ สแปลช เฟเชี่นล ครีม (ชิ้น),0,,Moods
full,8859128304345,Moods สเนล พลัส พรีเมี่ยม โกลด์ ไทม์ ฟรีซ เฟเชี่ยล มาส์ค (แผ่น,0,,Moods
full,8859128304352,Moods สเนล พลัส พรีเมียม โมเมโท พิ้งคิช ไบรท์ แอนด์ ยัง สกิน เฟเชี่ยล มาส์ค (แผ่น,0,,Moods
full,8859128304369,Moods สเนล พลัส พรีเมี่ยม อโล แอนด์ คิวคัมเบอร์ สกิน มอยซ์เทน เฟเชี่ยล มาส์ค (แผ่น,0,,Moods
full,8859128305335,Moods สเนล โกลด์ สตาร์รี่ เฟเชี่ยล ทรีตเมนต์ มาร์ค (แผ่น,0,,Moods
full,8859128305717,Moods เรียล โกลด์ เซรั่ม มาส์ค (แผ่น),0,,Moods
full,8859128305731,Moods คอลลาเจน มอยซ์ แอนด์ อิลาสติก ทรีดี เฟเชี่ยล มาสค์ (แผ่น,0,,Moods
full,8859128305755,Moods วอเตอร์เมล่อน มอยซ์ แอนด์ สมูธ ทรีดี เฟเชี่ยล มาร์ค (แผ่น,0,,Moods
full,8859128305779,Moods โทเมโท้ มอยซ์ แอนด์ ไชน์ ทรีดี เฟเชี่ยล มาสค์ (แผ่น,0,,Moods
full,8859128305830,Moods อโล เวร่า มอยซ์ แอนด์ ไฮเดรทติ้ง ทรีดี เฟเชี่ยล มาสค์ (แผ่น,0,,Moods
full,8859128305854,Moods คิวคัมเบอร์ มอยซ์ แอนด์ นูริชชิ่ง ทรีดี เฟเชี่ยล มาสค์ (แผ่น,0,,Moods
full,8859128305908,Moods วิตามินซีพลัสอาร์บูตินไบรท์เทนนิ่งแอนด์นูริชชิ่งเฟเชี่ยลมาส์ค (แผ่น,0,,Moods
full,8859128305922,Moods วิตามินซีพลัสกลูต้าไบรท์เทนนิ่งแอนด์ไชน์นิ่งเฟเชี่ยลมาส์ค (แผ่น,0,,Moods
full,8859128305946,Moods วิตามินซีพลัสไฮยาไบรท์เทนนิ่งแอนด์ไฮเดรติ้งเฟเชี่ยลมาส์ค (แผ่น,0,,Moods
full,8859128305960,Moods วิตามินซีพลัสซิงค์ไบรท์เทนนิ่งแอนด์รีไวทัลไลซิ่งเฟเชี่ยลมาส์ค (แผ่น,0,,Moods
full,8859128306103,Moods โพเมกราเนท มอยซ์ แอนด์ ไบรท์ ทรีดี เฟเชี่ยล มาส์ค (แผ่น,0,,Moods
full,8859128306127,Moods สเนลมอยซ์แอนด์เฟิร์มทรีดีเฟเชี่ยลมาส์ค (แผ่น,0,,Moods
full,8859128306141,Moods ไฮยาลูรอน มอยซ์ แอนด์ โกลว์ ทรีดี เฟเชี่ยล มาส์ค (แผ่น,0,,Moods
full,8859128306196,Moods ชาร์โคลมอยซ์แอนด์คลีนนิ่งทรีดีเฟเชี่ยลมาส์ค (แผ่น,0,,Moods
full,8859128306219,Moods มิลค์ มอยซ์ แอนด์ ซอฟต์ ทรีดี เฟเชี่ยล มาสก์ (แผ่น,0,,Moods
full,8859128306233,Moods โกลด์ มอยซ์ แอนด์ ไทเทินนิ่ง ทรีดี เฟเชี่ยล มาสก์ (แผ่น,0,,Moods
full,8859128306257,Moods วิตามินอีแอนด์ซีมอยซ์แอนด์เรเดียนท์ทรีดีเฟเชี่ยลมาสก์ (แผ่น,0,,Moods
full,8859128306646,Moods ไบโอ-คอลลาเจน ดริป กลาส สกิน มาสก์ (ซอง,0,,Moods
full,8859128306691,Moods วิตามิน ซี ไบรท์เทนนิ่ง อินเทนส์ เซรั่ม .,0,,Moods
full,8859128306707,Moods สเนล แอนตี้-ริงเคิล อินเทนส์ เซรั่ม .,0,,Moods
full,8859128306769,Moods ไบโอ-คอลลาเจน ดริป เฟิร์มมิ่ง สกิน ดีเฟ่นส์ มาส์ก โกลด์ (ซอง,0,,Moods
full,8859128306783,Moods ไบโอ-คอลลาเจน ดริปสกิน ดีเฟ่นส์ มาส์ก มะเขือเทศ (ซอง,0,,Moods
full,8859128306790,Moods บานาน่า มอยซ์เจอร์ไรซิ่ง เฟซ แอนด์ แฮนด์ ครีม 60 กรัม,0,,Moods
short5,00066,MYU-MYU แอคเน่ แคร์ คลีนซิ่ง วอเตอร์ (สีเขียว),0,,myu myu
full,6905885512454,MYU-MYU แอคเน่ แพทช์,0,,myu myu
full,8850002220003,MYU-MYU ไวท์ คลีนซิ่ง โฟม (สีชมพู),0,,myu myu
full,8850002220010,MYU-MYU แอคเน่ แคร์ คลีนซิ่ง โฟม (สีเขียว),0,,myu myu
full,8850002223325,MYU-MYU ไวท์ เอสเซ้นส์ โทนเนอร์ สีชมพู,0,,myu myu
full,8850002223332,MYU-MYU แอคเน่ แคร์ เอสเซ้นส์ โทนเนอร์ สีเขียว,0,,myu myu
full,8850009987916,MYU-MYU ลิฟติ้ง แอนด์ เฟิร์ม มาสก์ (ซอง),0,,myu myu
full,8850009987923,MYU-MYU มอยซ์เจอร์ แอนด์ โกลว์ มาสก์ (ซอง),0,,myu myu
full,8852480008982,MYU-MYU เพิร์ล แอนด์ คอลลาเจน ออร่า เจล,0,,myu myu
full,8852480008999,MYU-MYU อะโล สแนล มอยซ์เจอร์ เจล,0,,myu myu
full,8856155000066,MYU-MYU ไวท์ คลีนซิ่ง วอเตอร์,0,,myu myu
full,8856155000073,MYU-MYU แอคเน่ แคร์ คลีนซิ่ง วอเตอร์ (สีเขียว),0,,myu myu
full,8856155100049,MYU-MYU อะโล วิต-ซี ไวท์เทนนิ่ง เจล,0,,myu myu
full,8856155200138,MYU-MYU ลิป ทิ้นท์-พริตตี้ พิ้งค์ เบอร์ 01,0,,myu myu
full,8856155200152,MYU-MYU ลิป ทิ้นท์-พริตตี้ พิ้งค์ เบอร์ 03,0,,myu myu
full,8857852453650,MYU-MYU วิตามินซี คลีนซิ่ง วอเตอร์,0,,myu myu
full,8857852453667,MYU-MYU ไฮยาลูรอน 16เอ็กซ์ คลีนซิ่ง วอเตอร์ .,0,,myu myu
full,00000018655775,Nami รีทัช ซอฟต์ แมตต์ คุชชั่น เบอร์ 01 (ไม่ใช้งาน),0,,NAMI
full,8858718638860,NAMI เมคอัพโปรCCเรดดี้คูชั่น (ซอง),0,,NAMI
full,8858718638884,NAMI เมคอัพโปรAAออร่าไพรเมอร์เบส (ซอง),0,,NAMI
full,8858718638921,NAMI แอมเฟรชเชจู วิตามินซีไบร์ทเทนนิ่งเจล (ซอง),0,,NAMI
full,8858718638983,NAMI แอมเฟรชแทมมารีน ไวท์เทนนิ่งสครับมาส์ก (ซอง,0,,NAMI
full,8858718645028,NAMI เมคอัพโปรแมตต์HDคูชั่น,0,,NAMI
full,8858718646278,NAMI ทรีดี อายโบรว์ ฟิลเลอร์,0,,NAMI
full,8858718646292,NAMI ดับเบิ้ลแบล็คอายไลเนอร์,0,,NAMI
full,8858718647893,NAMI แอมเฟรช อโล-เลมอนไบร์ทเทนนิ่งเจล (ซอง),0,,NAMI
full,8858718648760,NAMI ออลล์เดย์ แมตต์พาวเดอร์ เมคอัพโปร,0,,NAMI
full,8858718649309,NAMI ครีมมี่แมตต์ลิปแอนด์ชีค01เมคอัพโปรโซลเกิร์ล (ซอง,0,,NAMI
full,8858718649323,NAMI ครีมมี่แมตต์ลิปแอนด์ชีค02เมคอัพโปรโซลเกิร์ล (ซอง,0,,NAMI
full,8858718649347,NAMI ครีมมี่แมตต์ลิปแอนด์ชีค03เมคอัพโปรโซลเกิร์ล (ซอง,0,,NAMI
full,8858718649361,NAMI ครีมมี่แมตต์ลิปแอนด์ชีค04เมคอัพโปรโซลเกิร์ล (ซอง,0,,NAMI
full,8858718649422,NAMI คอลซีลเลอร์ เบจ เมคอัพโปรโซลเกิร์ล (ซอง),0,,NAMI
full,8858718649781,NAMI ครีมมี่แมตต์ลิปแอนด์ชีค05เมคอัพโปรโซลเกิร์ล (ซอง,0,,NAMI
full,8858718649804,NAMI ครีมมี่แมตต์ลิปแอนด์ชีค06เมคอัพโปรโซลเกิร์ล (ซอง,0,,NAMI
full,8858718650343,nami bbกล่องดำ (ซอง),0,,NAMI
full,8858718650367,Nami เมคอัพโปรโซลชิคมอยส์เจอร์แมตต์ลิปแอนด์ชีค 01 (ซอง,0,,NAMI
full,8858718650381,Nami เมคอัพโปรโซลชิคมอยส์เจอร์แมตต์ลิปแอนด์ชีค 02 (ซอง,0,,NAMI
full,8858718650404,Nami เมคอัพโปรโซลชิคมอยส์เจอร์แมตต์ลิปแอนด์ชีค 03 (ซอง,0,,NAMI
full,8858718650428,Nami เมคอัพโปรโซลชิคมอยส์เจอร์แมตต์ลิปแอนด์ชีค 04 (ซอง,0,,NAMI
full,8858718652750,nami สบู่สคับก้น (ก้อน),0,,NAMI
full,8858718653177,นามิ เมค อัพ โปร สตูดิโอ ฟูล คัฟเวอร์ ฟิลเตอร์ ฟาวน์เดชั่น (ชิ้น,0,,NAMI
full,8858718653498,นามิ เซรั่มหมีขาว (ซอง),0,,NAMI
full,8858718653818,NAMI เจลล้างหมีขาว,0,,NAMI
full,8858718653870,นามิ เมคอัพโปรโซลคิ้วท์เวลเวทแมตต์ลิป 401 (ซอง),0,,NAMI
full,8858718653993,นามิ เมคอัพโปรโซลคิ้วท์เวลเวทแมตต์ลิป 402 (ซอง),0,,NAMI
full,8858718654259,นามิ เมค อัพ โปร โซล คิ้วท์ 3 อิน 1 ออโต้ อายโบรว์ เพนซิล,0,,NAMI
full,8858718654297,นามิ ยูวีซันสกรีนอควาเจลSPF50PA+++ (ซอง),0,,NAMI
full,8858718654624,Nami เมคอัพโปรโซลชายน์มีกลอสซี่ลาสติ้งทิ้นท์ 501 (ซอง,0,,NAMI
full,8858718654679,Nami เมคอัพโปรโซลชายน์มีกลอสซี่ลาสติ้งทิ้นท์ 502 (ซอง,0,,NAMI
full,8858718654709,Nami เมคอัพโปรโซลชายน์มีกลอสซี่ลาสติ้งทิ้นท์ 503 (ซอง,0,,NAMI
full,8858718654730,Nami เมคอัพโปรโซลชายน์มีกลอสซี่ลาสติ้งทิ้นท์ 504 (ซอง,0,,NAMI
full,8858718654778,ก้อน) นามิ แอม เฟรช ซี & อี ไวท์เทนนิ่ง โซป 60กรัม,0,,NAMI
full,8858718654792,Nami เมค อัพ โปร โซล โกลว์ มี คุชชั่น,0,,NAMI
full,8858718655355,NAMI นามิ เอมค อัพ โปร โซล เมลท์ มี จูซี่ บาล์ม เอ็ม03,0,,NAMI
full,8858718655744,Nami รีทัช ซอฟต์ แมตต์ คุชชั่น เบอร์ 02,0,,NAMI
full,8858718655775,Nami รีทัช ซอฟต์ แมตต์ คุชชั่น เบอร์ 01,0,,NAMI
full,8858718655805,Nami รีทัช ซอฟต์ แมตต์ คุชชั่น เบอร์ 03,0,,NAMI
full,8858718656109,Nami ยูวี ซันสกรีน คุชชั่น เอสพีเอฟ50+ เบอร์ 02,0,,NAMI
full,8858718656130,Nami ยูวี ซันสกรีน คุชชั่น เอสพีเอฟ50+ เบอร์ 03,0,,NAMI
full,8858718656161,Nami ยูวี ซันสกรีน คุชชั่น เอสพีเอฟ50+ เบอร์ 01,0,,NAMI
full,8858718656260,Nami กลาส & โกลว์ มอยส์เจอร์ ลิป ทิ้นท์ จี 1 (ซอง),0,,NAMI
full,8858718656291,Nami กลาส & โกลว์ มอยส์เจอร์ ลิป ทิ้นท์ จี 2 (ซอง),0,,NAMI
full,8858718656321,Nami กลาส & โกลว์ มอยส์เจอร์ ลิป ทิ้นท์ จี 3 (ซอง),0,,NAMI
full,8858718656352,Nami กลาส & โกลว์ มอยส์เจอร์ ลิป ทิ้นท์ จี 4 (ซอง),0,,NAMI
full,8858718656673,Nami ไวท์ สกิน ดริป เบทเอร์ ไบรท์ เซรั่ม (ซอง),0,,NAMI
full,8859095889913,แพ็ค,0,,NAMI
full,8858711978840,นีออร่า ซันบล็อกเซรั่ม,0,,NEAURA
full,8858711983035,นีออร่า ซัน บล็อก เซรั่ม เอสพีเอฟ 50+ พีเอ++++ (ชิ้น,0,,NEAURA
full,8858711983240,นีออร่า กลูต้า ไวท์ บอดี้ บูสเตอร์ (ชิ้น),0,,NEAURA
full,8858711987460,นีออร่า เพอร์เฟต เพอร์ฟูม ฟรุ๊ตตี้ กลิ่น เชอร์รี่ ชาร์ม (หลอด),0,,NEAURA
full,8858711987484,นีออร่า เพอร์เฟต เพอร์ฟูม ฟรุ๊ตตี้ กลิ่น ปารีส แพร์ (หลอด),0,,NEAURA
full,8858711987507,นีออร่า เพอร์เฟต เพอร์ฟูม ฟรุ๊ตตี้ กลิ่น แอปเปิ้ล แอร์รี่ (หลอด),0,,NEAURA
full,8858711992549,นีออร่า จิ๋ว ไลนเนอร์ #ออล แบล็ก (ชิ้น),0,,NEAURA
full,8859490020195,N368 นี คารา แมทท แอร์ คุชชั่น เบอร์ 110,0,,NEE CARA
full,8859490020201,N368 นี คารา แมทท แอร์ คุชชั่น เบอร์ 120,0,,NEE CARA
full,8859490020218,N368 นี คารา แมทท แอร์ คุชชั่น เบอร์ 130,0,,NEE CARA
full,8859490020232,N363 นี คารา แมท เพรส พาวเดอร์ เบอร์ 110,0,,NEE CARA
full,8859490020249,N363 นี คารา แมท เพรส พาวเดอร์ เบอร์ 120,0,,NEE CARA
full,8859490020256,N363 นี คารา แมท เพรส พาวเดอร์ เบอร์ 130,0,,NEE CARA
full,8859490020263,N362 นี คารา แมตต์ คอนโทรล ฟาวเดชั่น แอนด์ ซอฟต์ พัฟ เบอร์ 110,0,,NEE CARA
full,8859490020270,N362 นี คารา แมตต์ คอนโทรล ฟาวเดชั่น แอนด์ ซอฟต์ พัฟ เบอร์ 120,0,,NEE CARA
full,8859490020287,N362 นี คารา แมตต์ คอนโทรล ฟาวเดชั่น แอนด์ ซอฟต์ พัฟ เบอร์ 130,0,,NEE CARA
full,8859490040667,N414 นี คารา ดูอัล-โทน บราว์ พาวเดอร์ เบอร์ 01,0,,NEE CARA
full,8859490040674,N414 นี คารา ดูอัล-โทน บราว์ พาวเดอร์ เบอร์ 02,0,,NEE CARA
full,8859490040681,N414 นี คารา ดูอัล-โทน บราว์ พาวเดอร์ เบอร์ 03,0,,NEE CARA
full,8859490081134,N405 นี คารา บี คัลเลอร์ฟลู แปรงแต่งหน้า สีเขียว,0,,NEE CARA
full,8859490081141,N405 นี คารา บี คัลเลอร์ฟลู แปรงแต่งหน้า สีชมพู,0,,NEE CARA
full,8859490081158,N405 นี คารา บี คัลเลอร์ฟลู แปรงแต่งหน้า สีฟ้า,0,,NEE CARA
full,8859490081165,N404 นี คารา แปรงแต่งหน้า สีม่วง,0,,NEE CARA
full,8859210600102,Derma Facial Cotton สำลีใหญ่,0,,NU FORMULA
full,8859210600287,NU FORMULA Derma Facial Cotton สำลีเล็ก,0,,NU FORMULA
full,8859210600300,NU FORMULA คริสตัล ซัน สเปรย์ .,0,,NU FORMULA
full,8859210602731,NU FORMULA โปรไวท์เอสเซนส์โลชั่น,0,,NU FORMULA
full,8859210602748,NU FORMULA แอคเน่โซลูชั่น ไพโอนิน+บีเอชเอ สปอร์ตแคร์ 10 กรัม,0,,NU FORMULA
full,8859210603790,NU FORMULA คริสตัล ซัน สเปรย์ เรียล เอสพีเอฟ 50+ พีเอ++++,0,,NU FORMULA
full,8859210603936,NU FORMULA ซัน เรียล เอสพี เอฟ 50+ พีเอ+++ ดราย ทัช มิลค์,0,,NU FORMULA
full,8859210604162,NU FORMULA เอคโตอิน+เซราไมด์ แบร์ริเออร์ ครีม (ซอง,0,,NU FORMULA
full,8859210604179,NU FORMULA โปร ไวท์ ไบรท์เทนนิ่ง เจล ครีม (ซอง,0,,NU FORMULA
full,8858883563943,OB-1454 โอบิวซ์ สตอเบอร์รี่ เมจิก ลิป บาล์ม,0,,OBUSE
full,8858883565909,OB-1464 โอบิวซ์ พริ้นเซส ไฮไลท์ พาเลท เบอร์ 01,0,,OBUSE
full,8858883565916,OB-1464 โอบิวซ์ พริ้นเซส ไฮไลท์ พาเลท เบอร์ 02,0,,OBUSE
full,8858883565923,OB-1464 โอบิวซ์ พริ้นเซส ไฮไลท์ พาเลท เบอร์ 03,0,,OBUSE
full,8858910621356,OD796 โอดีบีโอ เนเชอรัล ลุคส์ อายบราว เพ็นซิล เบอร์ 01,0,,ODBO
full,8858910621363,OD796 โอดีบีโอ เนเชอรัล ลุคส์ อายบราว เพ็นซิล เบอร์ 02,0,,ODBO
full,8858910621370,OD796 โอดีบีโอ เนเชอรัล ลุคส์ อายบราว เพ็นซิล เบอร์ 03,0,,ODBO
full,8858910629369,OD4002 โอดีบีโอ บีบี ครีม + แคร์ เอสพีเอฟ 50 พีเอ+++ เบอร์ 01,0,,ODBO
full,8858910629376,OD4002 โอดีบีโอ บีบี ครีม + แคร์ เอสพีเอฟ 50 พีเอ+++ เบอร์ 02,0,,ODBO
full,8858910632468,OD2030 odbo มูด คอลเลคเตอร์ อาย พาเลท เบอร์ 01,0,,ODBO
full,8858910632475,OD2030 odbo มูด คอลเลคเตอร์ อาย พาเลท เบอร์ 02,0,,ODBO
full,8858910633465,OD1328 odbo ชีค ป็อป บลัช สติ๊ก เบอร์ 01,0,,ODBO
full,8858910633472,OD1328 odbo ชีค ป็อป บลัช สติ๊ก เบอร์ 02,0,,ODBO
full,8858910633489,OD1328 odbo ชีค ป็อป บลัช สติ๊ก เบอร์ 03,0,,ODBO
full,8858910633496,OD1328 odbo ชีค ป็อป บลัช สติ๊ก เบอร์ 04,0,,ODBO
full,8858910633502,OD1328 odbo ชีค ป็อป บลัช สติ๊ก เบอร์ 05,0,,ODBO
full,8858910633519,OD1328 odbo ชีค ป็อป บลัช สติ๊ก เบอร์ 06,0,,ODBO
full,8858910633724,OD8073 โอดีบีโอ คลาวดี้ ทัช พาวเดอร์ พัฟ สีพีช เบอร์ 01,0,,ODBO
full,8858910633731,OD8073 โอดีบีโอ คลาวดี้ ทัช พาวเดอร์ พัฟ สีม่วง เบอร์ 02,0,,ODBO
full,8858910633748,OD9013 โอดีบีโอ เดลี่ แลช มาสคาร่า,0,,ODBO
full,8858910633816,ODS06 โอดีบีโอ เมคอัพ คิท นิว เวอร์ชั่น เบอร์ 01,0,,ODBO
full,8858910633823,ODS06 โอดีบีโอ เมคอัพ คิท นิว เวอร์ชั่น เบอร์ 02,0,,ODBO
full,8858910633830,OD4003 โอดีบีโอ แอคเน่ แคร์ คอนซีลเลอร์ เบอร์ 01,0,,ODBO
full,8858910633847,OD4003 โอดีบีโอ แอคเน่ แคร์ คอนซีลเลอร์ เบอร์ 02,0,,ODBO
full,8858910633854,OD4003 โอดีบีโอ แอคเน่ แคร์ คอนซีลเลอร์ เบอร์ 03,0,,ODBO
full,8858910634066,OD8074 เบบี้ เอ้ก แลช เคิร์ลเลอร์,0,,ODBO
full,8858910634110,OD3021 โอดีบีโอ 1.5 มม. เจลไลน์เนอร์ เบอร์ 01,0,,ODBO
full,8858910634127,OD3021 โอดีบีโอ 1.5 มม. เจลไลน์เนอร์ เบอร์ 02,0,,ODBO
full,8858910634172,OD8059 โอดีบีโอ 2 สเต็ปส์ ควิก แอนด์ไลท์ แลชเชส,0,,ODBO
full,8858910634349,OD8077 โอดีบีโอ ฮาร์ท ป๊อป ไทนี่ พัฟ สีชมพู เบอร์ 01,0,,ODBO
full,8858910634356,OD8077 โอดีบีโอ ฮาร์ท ป๊อป ไทนี่ พัฟ สีดำ เบอร์ 02,0,,ODBO
full,8858910634455,OD8078 โอดีบีโอ พาย แอร์ พัฟ สีชมพู เบอร์ 01,0,,ODBO
full,8858910634462,OD8078 โอดีบีโอ พาย แอร์ พัฟ สีม่วง เบอร์ 02,0,,ODBO
full,8858910634479,OD8078 โอดีบีโอ พาย แอร์ พัฟ สีครีม เบอร์ 03,0,,ODBO
full,8851826670012,Ok Herbal แชมพูปิดผมขาว สีดำ (ซอง),0,,ok
full,8851826670210,Ok Herbal แชมพูปิดผมขาว สีน้ำตาลเข้ม (ซอง),0,,ok
full,8851826670418,Ok Herbal แชมพูปิดผมขาว สีน้ำตาลประกายทอง (ซอง,0,,ok
full,8851826670616,Ok Herbal แชมพูปิดผมขาว สีน้ำตาลประกายแดง (ซอง,0,,ok
full,8851826670814,ok herbal แชมพูปิดผมขาว สีน้ำตาลคาราเมล (ซอง,0,,ok
full,8851826671019,ok herbal แชมพูปิดผมขาว สีน้ำตาลประกายม่วง (ซอง,0,,ok
full,6971631101982,Oni แอคเน่ แพทซ์,0,,Oni
full,6971631104792,Oni สตาร์แอคเน่ แพทซ์,0,,Oni
full,6971631104808,Oni สตาร์ แอนด์ ฟลาวเวอร์ แอคเน่ แพทซ์,0,,Oni
full,8859210604117,Oni คูล ดราย แชมพู .,0,,Oni
full,6934713005806,PRAMY พรามี่ มอยส์เจอไรซิ่ง เมคอัพ เซตติ้ง สเปรย์ แมท สีดำ,0,,PRAMY
full,6934713005813,PRAMY พรามี่ มอยส์เจอไรซิ่ง เมคอัพ เซตติ้ง สเปรย์ ดิวอี้ สีขาว,0,,PRAMY
full,6934713007374,Pramy พรามี่ มอยส์เจอไรซิ่ง เมคอัพ เซตติ้ง สเปรย์ แมท ฟินิช .,0,,PRAMY
full,8859690402425,Precious Skin อัลฟ่า อาร์บูติน ไวท์เทนนิ่ง แอมพูล มาส์ก (แผ่น,0,,PRECIOUS SKIN THAILAND
full,8859690402432,Precious Skin คอลลาเจน มอยส์ฟูล แอมพลู มาส์ก (แผ่น,0,,PRECIOUS SKIN THAILAND
full,8859690402449,Precious Skin โกล์ด สเนล แอมพลู มาส์ก (แผ่น),0,,PRECIOUS SKIN THAILAND
full,8859690402456,Precious Skin ไฮยา มิราเคิล แอมพลู มาส์ก (แผ่น),0,,PRECIOUS SKIN THAILAND
full,8859690402463,Precious Skin แพลงก์ตอน เบบี้ แอมพูล มาส์ก (แผ่น,0,,PRECIOUS SKIN THAILAND
full,8859690402470,Precious Skin วิต เอไฮเดรติ้ง แอมพูล มาส์ก (แผ่น,0,,PRECIOUS SKIN THAILAND
full,8859690402487,Precious Skin วิต ซี คอมเพล็กซ์ แอมพูล มาส์ก (แผ่น,0,,PRECIOUS SKIN THAILAND
full,8859690407062,Precious Skin คิวเท็น เอจเลส แอมพูล มาส์ก (แผ่น,0,,PRECIOUS SKIN THAILAND
full,8859690407697,Precious Skin วิตามิน อี เบบี้ เฟซ เซรั่ม .,0,,PRECIOUS SKIN THAILAND
full,8859690411090,Precious Skin เรตินอล กลาส สกิน แอมพูล มาส์ก (แผ่น,0,,PRECIOUS SKIN THAILAND
full,68850080290325,Rien เฟมินีน แคร์ คลีนซิ่ง เพียว เฟอร์เฟค สีชมพู (ซอง,0,,Rien
full,68850080290332,Rien เฟมินีน แคร์ คลีนซิ่ง เอ็กตร้า แคร์ สีเขียว (ซอง),0,,Rien
full,8809057515664,ROJUKISS เพอร์เฟค พอร์เลส 5 เอ็กซ์ อินเทนซีฟ มาส์ก,0,,ROJUKISS
full,8809057515671,ROJUKISS เฟริ์ม พอร์เลส 5 เอ็กซ์ อินเทนซีฟ มาส์ก,0,,ROJUKISS
full,8809057515688,ROJUKISS รีแพร์ พอร์เลส 5 เอ็กซ์ อินเทนซีฟ มาส์ก,0,,ROJUKISS
full,8809057517477,ROJUKISS แอคเน่ พอร์เลส ไฮโดรเจล มิเนออัล มาส์ก 7,0,,ROJUKISS
full,8809057517507,Rojukiss เพอร์เฟค พอร์เลส ไฮไดรเจล มิเนอรัล มาส์ก 7,0,,ROJUKISS
full,8809800466021,โรจูคิส กลูต้าวิตซีไบร์ทเทนนิ่งเซรั่ม,0,,ROJUKISS
full,8809800466052,โรจูคิส ไวท์ไนท์เซรั่ม,0,,ROJUKISS
full,8809800466083,โรจูคิส ไฟโต-เรตินอลเฟิร์มสมูทเซรั่ม,0,,ROJUKISS
full,8809800466113,โรจูคิส ไฮยาเซราไมด์เซรั่ม,0,,ROJUKISS
full,8809800466588,Rojukiss ไฮยา เซราไมด์ 10 เอ็กซ์ ทรีตเมนต์ มาส์ก,0,,ROJUKISS
full,8809800466595,Rojukiss ไฟโต-เรตินอล 10 เอ็กซ์ ทรีตเมนต์ มาส์ก,0,,ROJUKISS
full,8809800466601,Rojukiss บีเอชเอ แอนติ-แอคเน่ 10 เอ็กซ์ ทรีตเมนต์ มาส์ก,0,,ROJUKISS
full,8809800466816,ROJUKISS โรจูคิส พอร์ รีไฟน์นิ่ง พรี-เซรั่ม โทนเนอร์,0,,ROJUKISS
full,8858851430642,rojukiss เพอร์เฟค พอร์เลส เซรั่ม (ซอง),0,,ROJUKISS
full,8858851430659,rojukiss ไวท์เพอร์เลส เซรั่ม (ซอง),0,,ROJUKISS
full,8858851431540,ROJUKISS แอคเน่สปอตเลสเซรั่ม (ซอง),0,,ROJUKISS
full,8858851432868,ROJUKISS ไวท์พอร์เลสเซรั่มเดย์ครีม (ซอง),0,,ROJUKISS
full,8858851434008,rojukiss เพอร์เฟคพอร์เลสอาย (ซอง),0,,ROJUKISS
full,8858851435074,Rojukiss ไฮยาพอร์เลสเซรั่ม . (ซอง),0,,ROJUKISS
full,8858851435098,rojukiss ไวท์เพอร์เลส เซรั่ม กล่องม่วง (ซอง),0,,ROJUKISS
full,8858851437191,rojukiss ไวท์ พอร์เลส อาย ฟอร์ เฟช ครีม (ซอง),0,,ROJUKISS
full,8858851437665,rojukiss red day cream (ชิ้น),0,,ROJUKISS
full,8858851440825,โรจูคิส เฟซอายเนคครีม (ซอง),0,,ROJUKISS
full,8858851440894,โรจูคิส เฟสอายเนคยูวีซันเซรั่ม SPF50PA++++ (ซอง,0,,ROJUKISS
full,8858851442393,โรจูคิส เฟซ-อาย-เนคเซรั่ม (ซอง),0,,ROJUKISS
full,8858851442867,ROJUKISS ไวท์เพอร์เลสสกินรีเซ็ตแอมพูลเซรั่ม (),0,,ROJUKISS
full,8858851443703,Rojukiss เซราไมด์ไฮยาลิปทรีตเมนต์แอมพูล (ชิ้น),0,,ROJUKISS
full,8858851443741,Rojukiss ไบร์ทซีลิปแอมพูลมาส์ก (ชิ้น),0,,ROJUKISS
full,8858851443833,Rojukiss 10 เอ็กซ์ ทรีตเมนต์ มาร์ก (ชิ้น),0,,ROJUKISS
full,8858851443840,Rojukiss พอร์ มินิไมซิ่ง เคลียร์ สมูท (ชิ้น),0,,ROJUKISS
full,8858851443857,Rojukiss ไวท์ เปปไทด์ ไฮยา (ชิ้น),0,,ROJUKISS
full,8858851445080,โรจูคิส แอคเน่สปอตเลสเซรั่มเจล (ซอง),0,,ROJUKISS
full,8858851445103,โรจูคิส ไฟโต-เรตินอลเฟิร์มสมูทเซรั่ม (ซอง),0,,ROJUKISS
full,8858851445141,โรจูคิส กลูต้าวิตซีไบร์ทเทนนิ่งเซรั่ม (ซอง),0,,ROJUKISS
full,8858851445189,โรจูคิส ไฮยาเซราไมด์เซรั่ม (ซอง),0,,ROJUKISS
full,8858851445837,Rojukiss รีจู-พีดีอาร์เอน มอยส์เจอร์ บูสต์ & ล็อค เจล ครีม(ซอง,0,,ROJUKISS
full,8858851446537,Rojukiss สลีปปิ้ง มาร์ส รีจู-พีดีอาร์เอ็น (ซอง) สีเขียว,0,,ROJUKISS
full,8858851446551,Rojukiss สลีปปิ้ง มาร์ส ไนอะซินาไมด์ (ซอง) สีม่วง,0,,ROJUKISS
full,8858851446636,Rojukiss สลีปปิ้ง มาร์ส เซราไมด์ & โพรไบโอติกส์ (ซอง) สีน้ำเงิน,0,,ROJUKISS
full,8858851446773,โรจูคิส รีจู-พีดีอาร์เอนลิปฟิลเลอร์ทรีตเมนท์แอมพูล (ชิ้น),0,,ROJUKISS
full,8858851447152,Rojukiss ไฟโต-เรตินอล เฟิร์ม & สมูท ครีม (ซอง),0,,ROJUKISS
full,8858851447480,Rojukiss รีจู-พีดีอาร์เอน ทรีตเมนต์ แอมพูล เซรั่ม (ซอง,0,,ROJUKISS
full,8858851448043,Rojukiss พอร์ไบรท์10 ไวท์เทนนิ่ง เซรั่ม (ซอง),0,,ROJUKISS
full,8858851448296,Rojukiss โรจูคิส พอร์ไบรท์10 ไวเทนนิ่ง ครีม (ซอง),0,,ROJUKISS
full,8858851448678,Rojukiss บี12 พิงค์ วิตามิน สกิน แบริเออร์ มอยเจอร์ไรเซอร์ (ซอง,0,,ROJUKISS
full,8858851448777,Rojukiss สลิปปิ้ง มาส์ก คาเฟอีน คอมเพล็กซ์ (ซอง),0,,ROJUKISS
full,8858851448784,Rojukiss สลิปปิ้ง มาส์ก วิตามิน บี12 (ซอง),0,,ROJUKISS
full,8858851448791,Rojukiss ไฟโต-เรตินอล คอลลาเจน แร็ปปิ้ง มาส์ก (ซอง,0,,ROJUKISS
full,8858851448807,Rojukiss ไนอะซิน โกลว์ แร็ปปิ้ง มาส์ก (ซอง),0,,ROJUKISS
full,8858851448814,Rojukiss ดีพ คลีนซิ่ง ไมเซล่า วอเตอร์ .,0,,ROJUKISS
full,8852526890274,Royal Beauty คอลลาเจนเซรั่ม+วิตามินซี (ซอง),0,,Royal Beauty
full,8852526890328,Royal Beauty แพลงตอนเบบี้เฟซเจล (ซอง),0,,Royal Beauty
full,8852526890434,Royal Beauty เฟอร์เฟคไวท์ (ซอง),0,,Royal Beauty
full,8852526890649,Royal Beauty กลูต้าคอลลาเจนไวท์เซรั่ม (ซอง),0,,Royal Beauty
full,8852526890861,Royal Beauty ไฮยาลูรอน (ซอง),0,,Royal Beauty
full,8852526891141,Royal Beauty สบู่คอลลาเจน - Vit C (ก้อน),0,,Royal Beauty
full,8852526891301,royal beauty สบู่ไฮยา (ก้อน),0,,Royal Beauty
full,8852526891370,royal beauty สบู่กลูต้าคอลลาเจน (ก้อน),0,,Royal Beauty
full,8852526892841,รอยัล บิวตี้ ไฮยาวอเตอร์เมลอนเซรั่ม (ชิ้น),0,,Royal Beauty
full,8852526893527,royal beauty สบู่ผิวใส ไกลฝ้า (ก้อน),0,,Royal Beauty
full,8852526893855,Royal Beauty บูสท์ แอนด์ ไบร์ท เซต (ซอง),0,,Royal Beauty
full,8852526893886,Royal Beauty ซาติน เวลเวท ลิป เรด ไวท์ เบอร์ 01 (ซอง,0,,Royal Beauty
full,8852526894432,รอยัล บิวตี้ ไฮยา มอยส์เจอร์ไรเซอร์ (ซอง),0,,Royal Beauty
full,8852526894708,รอยัล บิวตี้ วิตอี ฮันนี่ โซป (ก้อน),0,,Royal Beauty
full,8858696816076,sasi จอลลี่ สวีท ลิปทินท์ 01,0,,Sasi
full,8858696816106,sasi จอลลี่ สวีท ลิปทินท์ 02,0,,Sasi
full,8858696816137,sasi จอลลี่ สวีท ลิปทินท์ 03,0,,Sasi
full,8858696816168,sasi จอลลี่ สวีท ลิปทินท์ 04,0,,Sasi
full,8858696816199,sasi จอลลี่ สวีท ลิปทินท์ 05,0,,Sasi
full,8858696823654,sasi จอลลี่ สวีท ลิปทินท์ 06,0,,Sasi
full,8858696823685,sasi จอลลี่ สวีท ลิปทินท์ 07,0,,Sasi
full,8858696823715,sasi จอลลี่ สวีท ลิปทินท์ 08,0,,Sasi
full,8858696823746,sasi จอลลี่ สวีท ลิปทินท์ 09,0,,Sasi
full,8858696823777,sasi จอลลี่ สวีท ลิปทินท์ 10,0,,Sasi
full,8858696830621,Sasi แอคเน่ โซล คอมฟอร์ท ลูส พาวเดอร์,0,,Sasi
full,8858696831086,Sasi เพอร์เฟกต์ เพอรืซันนอล คัลเลอร์ กลอส สติ๊ก เบอร์ 01,0,,Sasi
full,8858696831116,Sasi เพอร์เฟกต์ เพอรืซันนอล คัลเลอร์ กลอส สติ๊ก เบอร์ 02,0,,Sasi
full,8858696831154,Sasi เพอร์เฟกต์ เพอรืซันนอล คัลเลอร์ กลอส สติ๊ก เบอร์ 03,0,,Sasi
full,8858696831178,Sasi เพอร์เฟกต์ เพอรืซันนอล คัลเลอร์ กลอส สติ๊ก เบอร์ 04,0,,Sasi
full,8858696831215,Sasi เพอร์เฟกต์ เพอรืซันนอล คัลเลอร์ กลอส สติ๊ก เบอร์ 05,0,,Sasi
full,8858696831239,Sasi เพอร์เฟกต์ เพอรืซันนอล คัลเลอร์ กลอส สติ๊ก เบอร์ 06,0,,Sasi
full,8858696831260,Sasi เพอร์เฟกต์ เพอรืซันนอล คัลเลอร์ กลอส สติ๊ก เบอร์ 07,0,,Sasi
full,8858696831291,Sasi เพอร์เฟกต์ เพอรืซันนอล คัลเลอร์ กลอส สติ๊ก เบอร์ 08,0,,Sasi
full,8858696831451,Sasi เมจิ แมท ลิควิด ฟาวน์เดชั่น #10 .,0,,Sasi
full,8858696831482,Sasi เมจิ แมท ลิควิด ฟาวน์เดชั่น #20 .,0,,Sasi
full,8858696831512,Sasi เมจิ แมท ลิควิด ฟาวน์เดชั่น #30 .,0,,Sasi
full,8858696831543,Sasi เมจิ แมท ลิควิด ฟาวน์เดชั่น #40 .,0,,Sasi
full,8858696831581,Sasi เมจิ แมท ลิควิด ฟาวเดชั่น สี 20 (ซอง),0,,Sasi
full,8858696831611,Sasi เมจิ แมท ลิควิด ฟาวเดชั่น สี 30 (ซอง),0,,Sasi
full,8858696831703,Sasi เมจิ แมท คอนซีลเลอร์ สี 00 (ซอง),0,,Sasi
full,8858696831734,Sasi เมจิ แมท คอนซีลเลอร์ สี 20 (ซอง),0,,Sasi
full,8858696831765,Sasi เมจิ แมท คอนซีลเลอร์ สี 30 (ซอง),0,,Sasi
short5,78218,serise สตาร์รี่ ไลท์ คุชชั่น เบอร์ 02,0,,serise
full,8852525006980,Sheene มอยส์เจอร์ไรเซอร์ ลิป แคร์ พลัส เบอร์ F2 (ชิ้น,0,,Sheene
full,8852525007000,Sheene มอยส์เจอร์ไรเซอร์ ลิป แคร์ พลัส เบอร์ P2 (ชิ้น,0,,Sheene
full,8852525007031,Sheene มอยส์เจอร์ไรเซอร์ ลิป แคร์ พลัส เบอร์ R2 (ชิ้น,0,,Sheene
full,8852525020436,Sheene มอยส์เจอร์ไรเซอร์ ลิป แคร์ พลัส เบอร์ W2 (ชิ้น,0,,Sheene
full,8852525033856,Sheene เมลอน ซอฟต์ แมท ซีซี คุชชั่น (ซอง),0,,Sheene
full,8852525616462,Sheene ออยล์ ฟรี เค้ก พาวเดอร์ SPF25PA++ เบอร์ C1,0,,Sheene
full,8852525616486,Sheene ออยล์ ฟรี เค้ก พาวเดอร์ SPF25PA++ เบอร์ C2,0,,Sheene
full,8852525633285,Sheene ชีเน่ ออยล์ ฟรี บีบี สีส้ม,0,,Sheene
full,8852525633308,Sheene ชีเน่ ออยล์ ฟรี บีบี สีชมพู,0,,Sheene
full,8852525633322,Sheene ชีเน่ ออยล์ ฟรี บีบี สีเขียว,0,,Sheene
full,8858851431106,sis2sis วอลลุ่มไมซิ่ง มาสคาร่า 01 (ซอง),0,,sis2sis
full,8858851435029,SIS2SIS ออลเดย์อายโบรว์เพนซิล 01 (ชิ้น),0,,sis2sis
full,8858851435050,ซิสทูซิส ซุปเปอร์ชาร์ปอายไลเนอร์ ดับบลิวพี 01 (ชิ้น,0,,sis2sis
full,8858851436927,sis2sis แป้งไฮยา (ชิ้น),0,,sis2sis
full,8858851437016,sis2sis ไฮยา แมตต์ ฟาวเดชั่น N2 (ซอง),0,,sis2sis
full,8858851441631,SIS2SIS ออลเดย์ฟาวเดชั่นพาวเดอร์ 01 (ชิ้น),0,,sis2sis
full,8858851441730,SIS2SIS ออลเดย์ฟาวเดชั่นพาวเดอร์ 02 (ชิ้น),0,,sis2sis
full,8858851444335,sis2sis เจลลี่ทินท์ 03 (ชิ้น),0,,sis2sis
full,8858851444366,sis2sis เจลลี่ทินท์ 04 (ชิ้น),0,,sis2sis
full,8858851444397,sis2sis เจลลี่ทินท์ 05 (ชิ้น),0,,sis2sis
full,8858851444427,sis2sis เจลลี่ทินท์ 06 (ชิ้น),0,,sis2sis
full,8858851445363,sis2sis เจลลี่ทินท์ 01 (ชิ้น),0,,sis2sis
full,8852522240905,sistar ดีพ มอยส์เจอร์ ยูวี โพรเทค แอรี่ ซันสกรีน เอสพีเอฟ50+ พีเอ++++ สีฟ้า (ซอง,0,,SISTAR
full,8859497300023,Sistar เบบี้แครอทไวท์เซรั่ม (ซอง),0,,SISTAR
full,8859497300061,Sistar แตงโม EE ครีม (ซอง),0,,SISTAR
full,8859497301570,Sistar แตงโม แมตต์ ฟาวเดชั่น (ซอง),0,,SISTAR
full,8859497301617,Sistar วอเตอร์เมลอน ไวท์เทนนิ่ง ซูตติ้ง เจล #เจลแตงโม (ซอง,0,,SISTAR
full,8859497301655,sistar แรดิช เอ็กช์ตร้าเมลาสม่าเซรั่ม (ซอง),0,,SISTAR
full,8859497302393,Sistar วอเตอร์เมลอน ไบร์ทเทนนิ่ง แอนด์ รีเฟรชชิ่ง โซป สบู่แตงโม (ก้อน,0,,SISTAR
full,8859497302430,Sistar แรดิช เพอร์เฟคไวท์ แอนด์ สมููท โซป สบู่ฝ้า (ก้อน,0,,SISTAR
full,8859497303161,Sistar วอเตอร์เมลอน แมตต์ ฟาวน์เดชั่น,0,,SISTAR
full,8859497303307,Sistar วอเตอร์เมลอน อีอี ครีม,0,,SISTAR
full,8859497303376,Sistar เจลลำไยไชเท้า (ซอง),0,,SISTAR
full,8859497303772,sistar ทรีดีฟิลเลอร์ไฮยาซีเซรั่มฟาวเดชั่น (ซอง) 02,0,,SISTAR
full,8859497303833,sistar เวลเวท แมตต์มูสลิปคัลเลอร์ (ซอง) 02,0,,SISTAR
full,8859497303857,sistar เวลเวท แมตต์มูสลิปคัลเลอร์ (ซอง) 03,0,,SISTAR
full,8859497304205,Sistar วอเตอร์เมลอน อีอีครีม+รองพื้น (ซอง),0,,SISTAR
full,8859497304236,Sistar วอเตอร์เมลอน เจลแตงโม+อีอีครีม (ซอง),0,,SISTAR
full,8859497304571,Sistar ทินท์ ฉํ่าวาว TO1 Morning Cherry (),0,,SISTAR
full,8859497304601,Sistar ทินท์ ฉํ่าวาว TO2 Evening Rose (),0,,SISTAR
full,8859497304632,Sistar ทินท์ ฉํ่าวาว TO3 Sunset Coral (),0,,SISTAR
full,8859497304663,Sistar ทินท์ ฉํ่าวาว TO4 Dining Berry (),0,,SISTAR
full,8859497304694,Sistar ทินท์ ฉํ่าวาว TO5 Midnight Peachy (),0,,SISTAR
full,8859510307596,Sistar เจลลาโต้ คัลเลอร์ ป๊อป ลิป ทินท์ โกลว์ จี 01,0,,SISTAR
full,8859510307602,Sistar เจลลาโต้ คัลเลอร์ ป๊อป ลิป ทินท์ โกลว์ จี 02,0,,SISTAR
full,8859510307619,Sistar เจลลาโต้ คัลเลอร์ ป๊อป ลิป ทินท์ โกลว์ จี 03,0,,SISTAR
full,8859510307626,Sistar เจลลาโต้ คัลเลอร์ ป๊อป ลิป ทินท์ โกลว์ จี 04,0,,SISTAR
full,8859510307633,Sistar เจลลาโต้ คัลเลอร์ ป๊อป ลิป ทินท์ โกลว์ จี 05,0,,SISTAR
full,8859510307640,Sistar เจลลาโต้ คัลเลอร์ ป๊อป ลิป ทินท์ โกลว์ จี 06,0,,SISTAR
full,8858994400281,sivanna HF 5074,0,,sivanna
full,8858994404388,HF664 ซีเวนน่า คัลเลอร์ คาปิ มินิ คุชชั่น เบอร์ 01,0,,sivanna
full,8858994404395,HF664 ซีเวนน่า คัลเลอร์ คาปิ มินิ คุชชั่น เบอร์ 02,0,,sivanna
full,8858994404470,HF744 ซีเวนน่า คัลเลอร์ ซุปเปอร์ สเตย์ แมทท์ มูสส์ ฟาวเดชั่น เบอร์ 01,0,,sivanna
full,8858994404487,HF744 ซีเวนน่า คัลเลอร์ ซุปเปอร์ สเตย์ แมทท์ มูสส์ ฟาวเดชั่น เบอร์ 02,0,,sivanna
full,8858994404494,HF554 ซีเวนน่า คิทเทิน พอ คอนซีลเลอร์,0,,sivanna
full,8858994404500,HF748 ซีเวนน่า คัลเลอร์ส ชับบี้ ไลท์เวท แอร์ คุชชั่น เบอร์ 01,0,,sivanna
full,8858994404517,HF748 ซีเวนน่า คัลเลอร์ส ชับบี้ ไลท์เวท แอร์ คุชชั่น เบอร์ 02,0,,sivanna
full,8858994404524,HF748 ซีเวนน่า คัลเลอร์ส ชับบี้ ไลท์เวท แอร์ คุชชั่น เบอร์ 03,0,,sivanna
full,8858994410570,HF665 ซีเวนน่า คัลเลอร์ส คาปิ มินิ พาวเดอร์ เบอร์ 01,0,,sivanna
full,8858994410587,HF665 ซีเวนน่า คัลเลอร์ส คาปิ มินิ พาวเดอร์ เบอร์ 02,0,,sivanna
full,8858994410617,HF666 ซีเวนน่า คัลเลอร์ส คาปิ มินิ ลูซ พาวเดอร์ เบอร์ 01,0,,sivanna
full,8858994410624,HF666 ซีเวนน่า คัลเลอร์ส คาปิ มินิ ลูซ พาวเดอร์ เบอร์ 02,0,,sivanna
full,8858994410648,HF751 ซีเวนน่า คัลเลอร์ส ชับบี้ ไลท์ แอร์ พาวเดอร์ เบอร์ 01,0,,sivanna
full,8858994410655,HF751 ซีเวนน่า คัลเลอร์ส ชับบี้ ไลท์ แอร์ พาวเดอร์ เบอร์ 02,0,,sivanna
full,8858994410662,HF751 ซีเวนน่า คัลเลอร์ส ชับบี้ ไลท์ แอร์ พาวเดอร์ เบอร์ 03,0,,sivanna
full,8858994419382,HF935 ซีเวนน่า คัลเลอร์ส เนเชอรัล อาย บราว เบอร์ 02,0,,sivanna
full,8858994444308,HF742 ซีเวนน่า คัลเลอร์ส มิลค์ อิดิชั่น แชโดว์ พาเลทท์ เบอร์ 01,0,,sivanna
full,8858994444315,HF742 ซีเวนน่า คัลเลอร์ส มิลค์ อิดิชั่น แชโดว์ พาเลทท์ เบอร์ 02,0,,sivanna
full,8858994444322,HF742 ซีเวนน่า คัลเลอร์ส มิลค์ อิดิชั่น แชโดว์ พาเลทท์ เบอร์ 03,0,,sivanna
full,8858994444339,HF742 ซีเวนน่า คัลเลอร์ส มิลค์ อิดิชั่น แชโดว์ พาเลทท์ เบอร์ 04,0,,sivanna
full,8858994444346,HF743 ซีเวนน่า คัลเลอร์ส มิลค์ อาย พาเลทท์ เบอร์ 01,0,,sivanna
full,8858994444353,HF743 ซีเวนน่า คัลเลอร์ส มิลค์ อาย พาเลทท์ เบอร์ 02,0,,sivanna
full,8858994444360,HF743 ซีเวนน่า คัลเลอร์ส มิลค์ อาย พาเลทท์ เบอร์ 03,0,,sivanna
full,8858994444377,HF672 ซีเวนน่า คัลเลอร์ส คาปิ มินิ อายแชโดว์ เบอร์ 01,0,,sivanna
full,8858994444384,HF672 ซีเวนน่า คัลเลอร์ส คาปิ มินิ อายแชโดว์ เบอร์ 02,0,,sivanna
full,8858994444391,HF672 ซีเวนน่า คัลเลอร์ส คาปิ มินิ อายแชโดว์ เบอร์ 03,0,,sivanna
full,8858994444407,HF672 ซีเวนน่า คัลเลอร์ส คาปิ มินิ อายแชโดว์ เบอร์ 04,0,,sivanna
full,8858994444414,HF574 ซีเวนน่า คัลเลอร์ ฟรุ๊ต สวีท อายแชโดวื พาเลทท์ เบอร์ 01,0,,sivanna
full,8858994444421,HF574 ซีเวนน่า คัลเลอร์ ฟรุ๊ต สวีท อายแชโดวื พาเลทท์ เบอร์ 02,0,,sivanna
full,8858994444438,HF574 ซีเวนน่า คัลเลอร์ ฟรุ๊ต สวีท อายแชโดวื พาเลทท์ เบอร์ 03,0,,sivanna
full,8858994444445,HF574 ซีเวนน่า คัลเลอร์ ฟรุ๊ต สวีท อายแชโดวื พาเลทท์ เบอร์ 04,0,,sivanna
full,8858994459142,HF738 ซีเวนน่า คัลเลอร์ส เลิฟลี่ โกลว์ เบอร์ 01,0,,sivanna
full,8858994459166,HF738 ซีเวนน่า คัลเลอร์ส เลิฟลี่ โกลว์ เบอร์ 03,0,,sivanna
full,8858994459173,HF671 ซีเวนน่า คัลเลอร์ส คาปิ เลิฟลี่ มินิ บลัช เบอร์ 01,0,,sivanna
full,8858994459180,HF671 ซีเวนน่า คัลเลอร์ส คาปิ เลิฟลี่ มินิ บลัช เบอร์ 02,0,,sivanna
full,8858994459197,HF671 ซีเวนน่า คัลเลอร์ส คาปิ เลิฟลี่ มินิ บลัช เบอร์ 03,0,,sivanna
full,8858994459203,HF671 ซีเวนน่า คัลเลอร์ส คาปิ เลิฟลี่ มินิ บลัช เบอร์ 04,0,,sivanna
full,8858994459210,HF671 ซีเวนน่า คัลเลอร์ส คาปิ เลิฟลี่ มินิ บลัช เบอร์ 05,0,,sivanna
full,8858994459227,HF671 ซีเวนน่า คัลเลอร์ส คาปิ เลิฟลี่ มินิ บลัช เบอร์ 06,0,,sivanna
full,8858994459296,HF573 ซีเวนน่า คัลเลอร์ส สวีท พีช ทู-โทน บลัช เบอร์ 01,0,,sivanna
full,8858994459302,HF573 ซีเวนน่า คัลเลอร์ส สวีท พีช ทู-โทน บลัช เบอร์ 02,0,,sivanna
full,8858994459319,HF573 ซีเวนน่า คัลเลอร์ส สวีท พีช ทู-โทน บลัช เบอร์ 03,0,,sivanna
full,8858994459326,HF573 ซีเวนน่า คัลเลอร์ส สวีท พีช ทู-โทน บลัช เบอร์ 04,0,,sivanna
full,8858994459371,HF311 ซีเวนน่า คัลเลอร์ โกลว์ เบค ไฮไลท์เตอร์ เบอร์ 01,0,,sivanna
full,8858994459388,HF311 ซีเวนน่า คัลเลอร์ โกลว์ เบค ไฮไลท์เตอร์ เบอร์ 02,0,,sivanna
full,8858994459395,HF311 ซีเวนน่า คัลเลอร์ โกลว์ เบค ไฮไลท์เตอร์ เบอร์ 03,0,,sivanna
full,8858994459463,HF747 ซีเวนน่า คัลเลอร์ส เปา เปา ดิวอี้ คุชชั่น บลัช เบอร์ 01,0,,sivanna
full,8858994459470,HF747 ซีเวนน่า คัลเลอร์ส เปา เปา ดิวอี้ คุชชั่น บลัช เบอร์ 02,0,,sivanna
full,8858994459487,HF747 ซีเวนน่า คัลเลอร์ส เปา เปา ดิวอี้ คุชชั่น บลัช เบอร์ 03,0,,sivanna
full,8858994459494,HF747 ซีเวนน่า คัลเลอร์ส เปา เปา ดิวอี้ คุชชั่น บลัช เบอร์ 04,0,,sivanna
full,8858994459548,HF749 ซีเวนน่า คัลเลอร์ส เชอร์รี่ ป๊อป บลัช แอนด์ ลิป,0,,sivanna
full,8858994478532,HF801 ซีเวนน่า คัลเลอร์ คริสตัล พลัมปิ้ง ลิป โกลว์ เบอร์ 01,0,,sivanna
full,8858994478549,HF801 ซีเวนน่า คัลเลอร์ คริสตัล พลัมปิ้ง ลิป โกลว์ เบอร์ 02,0,,sivanna
full,8858994478556,HF801 ซีเวนน่า คัลเลอร์ คริสตัล พลัมปิ้ง ลิป โกลว์ เบอร์ 03,0,,sivanna
full,8858994479089,HF741 ซีเวนน่า คัลเลอร์ส แมมท์ เวลเวท ทิ้นท์ เบอร์ 01,0,,sivanna
full,8858994479096,HF741 ซีเวนน่า คัลเลอร์ส แมมท์ เวลเวท ทิ้นท์ เบอร์ 02,0,,sivanna
full,8858994479102,HF741 ซีเวนน่า คัลเลอร์ส แมมท์ เวลเวท ทิ้นท์ เบอร์ 03,0,,sivanna
full,8858994479119,HF741 ซีเวนน่า คัลเลอร์ส แมมท์ เวลเวท ทิ้นท์ เบอร์ 04,0,,sivanna
full,8858994491517,BR11 ซีเวนน่า คัลเลอร์ส 4 พีส เมคอัพ บรัชเชส เบอร์ 01,0,,sivanna
full,8858994491524,BR11 ซีเวนน่า คัลเลอร์ส 4 พีส เมคอัพ บรัชเชส เบอร์ 02,0,,sivanna
full,8858994491531,BR11 ซีเวนน่า คัลเลอร์ส 4 พีส เมคอัพ บรัชเชส เบอร์ 03,0,,sivanna
full,8858994491548,BR12 ซีเวนน่า คัลเลอร์ส 5 พีส เมจิคเคิล เมคอัพ บรัช เบอร์ 01 สีชมพู,0,,sivanna
full,8858994491555,BR12 ซีเวนน่า คัลเลอร์ส 5 พีส เมจิคเคิล เมคอัพ บรัช เบอร์ 02 สีม่วง,0,,sivanna
full,8858994491562,BR13 ซีเวนน่า คัลเลอร์ส โปรเฟสชั่นนอล คาบูกิ บรัช เบอร์ 01,0,,sivanna
full,8858994491579,BR13 ซีเวนน่า คัลเลอร์ส โปรเฟสชั่นนอล คาบูกิ บรัช เบอร์ 02,0,,sivanna
full,8858994491609,BR15 ซีเวนน่า คัลเลอร์ส เพอร์เฟค มินิ คาบูกิ บรัช,0,,sivanna
full,8858994491623,BR16 ซีเวนน่า คัลเลอร์ส อัลตร้า มินิ พอร์ทเทเบิล เมคอัพ บรัช เซท เบอร์ 02,0,,sivanna
full,8858994400441,HT001 ซีเวนน่า คัลเลอร์ส แชมพู .,0,,sivanna
full,8858994400458,HT002 ซีเวนน่า คัลเลอร์ส แฮร์ คอนดิชั่นเนอร์ .,0,,sivanna
full,8858994400465,HT003 ซีเวนน่า คัลเลอร์ส ชาวเวอร์ เจล .,0,,sivanna
full,8858994404272,HF823 ซีเวนน่า คัลเลอร์ส เฟธเธอริ่ง ลอง-แวร์ ลิควิด ฟาวเดชั่น เบอร์ 01,0,,sivanna
full,8858994404289,HF823 ซีเวนน่า คัลเลอร์ส เฟธเธอริ่ง ลอง-แวร์ ลิควิด ฟาวเดชั่น เบอร์ 02,0,,sivanna
full,8858994419016,HF831 ซีเวนนา คัลเลอร์ส เฟธเธอะ ออโตเมติก อายบราว เพนซิล เบอร์ 01,0,,sivanna
full,8858994419023,HF831 ซีเวนนา คัลเลอร์ส เฟธเธอะ ออโตเมติก อายบราว เพนซิล เบอร์ 02,0,,sivanna
full,8858994419030,HF831 ซีเวนนา คัลเลอร์ส เฟธเธอะ ออโตเมติก อายบราว เพนซิล เบอร์ 03,0,,sivanna
full,8858994430752,HF829 ซีเวนนา คัลเลอร์ส เฟธเธอะ วอลุ่มไมซ์ซิ่ง มาสคาร่า,0,,sivanna
full,8858994444452,HF676 ซีเวนนา คัลเลอร์ส เท๊ดดี้ แบร์ ซิลกี้ อายแชโดว์ เบอร์ 01,0,,sivanna
full,8858994444469,HF676 ซีเวนนา คัลเลอร์ส เท๊ดดี้ แบร์ ซิลกี้ อายแชโดว์ เบอร์ 02,0,,sivanna
full,8858994444476,HF676 ซีเวนนา คัลเลอร์ส เท๊ดดี้ แบร์ ซิลกี้ อายแชโดว์ เบอร์ 03,0,,sivanna
full,8858994444483,HF676 ซีเวนนา คัลเลอร์ส เท๊ดดี้ แบร์ ซิลกี้ อายแชโดว์ เบอร์ 04,0,,sivanna
full,8858994444520,HF677 ซีเวนน่า คัลเลอร์ เมจิคเคิล คิงดอม มัลตี้ พาเลทท์ เบอร์ 04,0,,sivanna
full,8858994444537,HF677 ซีเวนน่า คัลเลอร์ เมจิคเคิล คิงดอม มัลตี้ พาเลทท์ เบอร์ 05,0,,sivanna
full,8858994459234,HF577 ซีเวนน่า คัลเลอร์ส ไลฟ์ลี่ พัพพี่ บลัช มัด เบอร์ 01,0,,sivanna
full,8858994459241,HF577 ซีเวนน่า คัลเลอร์ส ไลฟ์ลี่ พัพพี่ บลัช มัด เบอร์ 02,0,,sivanna
full,8858994459258,HF577 ซีเวนน่า คัลเลอร์ส ไลฟ์ลี่ พัพพี่ บลัช มัด เบอร์ 03,0,,sivanna
full,8858994459265,HF577 ซีเวนน่า คัลเลอร์ส ไลฟ์ลี่ พัพพี่ บลัช มัด เบอร์ 04,0,,sivanna
full,8858994459272,HF577 ซีเวนน่า คัลเลอร์ส ไลฟ์ลี่ พัพพี่ บลัช มัด เบอร์ 05,0,,sivanna
full,8858994459289,HF577 ซีเวนน่า คัลเลอร์ส ไลฟ์ลี่ พัพพี่ บลัช มัด เบอร์ 06,0,,sivanna
full,8858994459630,HF673 ซีเวนน่า คัลเลอร์ เท็ดดี้ ชีค บลัช เบอร์ 01,0,,sivanna
full,8858994459647,HF673 ซีเวนน่า คัลเลอร์ เท็ดดี้ ชีค บลัช เบอร์ 02,0,,sivanna
full,8858994459654,HF673 ซีเวนน่า คัลเลอร์ เท็ดดี้ ชีค บลัช เบอร์ 03,0,,sivanna
full,8858994459661,HF673 ซีเวนน่า คัลเลอร์ เท็ดดี้ ชีค บลัช เบอร์ 04,0,,sivanna
full,8858994459678,HF673 ซีเวนน่า คัลเลอร์ เท็ดดี้ ชีค บลัช เบอร์ 05,0,,sivanna
full,8858994459685,HF673 ซีเวนน่า คัลเลอร์ เท็ดดี้ ชีค บลัช เบอร์ 06,0,,sivanna
full,8858994478099,HF820 ซีเวนน่า คัลเลอร์ส เฟธเธอะ เวลเวท แมทท์ ลิปสติก เบอร์ 01,0,,sivanna
full,8858994478105,HF820 ซีเวนน่า คัลเลอร์ส เฟธเธอะ เวลเวท แมทท์ ลิปสติก เบอร์ 02,0,,sivanna
full,8858994478112,HF820 ซีเวนน่า คัลเลอร์ส เฟธเธอะ เวลเวท แมทท์ ลิปสติก เบอร์ 03,0,,sivanna
full,8858994478129,HF820 ซีเวนน่า คัลเลอร์ส เฟธเธอะ เวลเวท แมทท์ ลิปสติก เบอร์ 04,0,,sivanna
full,8858994479133,HF569 ซีเวนน่า คัลเลอร์ เวลเวท มิสท์ แมทท์ ลิปสติก เบอร์ 01,0,,sivanna
full,8858994479140,HF569 ซีเวนน่า คัลเลอร์ เวลเวท มิสท์ แมทท์ ลิปสติก เบอร์ 02,0,,sivanna
full,8858994479157,HF569 ซีเวนน่า คัลเลอร์ เวลเวท มิสท์ แมทท์ ลิปสติก เบอร์ 03,0,,sivanna
full,8858994479164,HF569 ซีเวนน่า คัลเลอร์ เวลเวท มิสท์ แมทท์ ลิปสติก เบอร์ 04,0,,sivanna
full,8858994491371,BR177-03 ซีเวนน่า คัลเลอร์ส อัลตร้า ซอฟท์ บรัช,0,,sivanna
full,8858994491388,BR177-04 ซีเวนน่า คัลเลอร์ส อัลตร้า ซอฟท์ บรัช,0,,sivanna
full,8858994491395,BR177-05 ซีเวนน่า คัลเลอร์ส อัลตร้า ซอฟท์ บรัช,0,,sivanna
full,8858994498288,Sivanna HF842 ซีเวนน่า คัลเลอร์ส มอยเจอร์ แคร์ ไบรท์เทนนิ่ง ยูวีเอ ยูวีบี ซันสกรีน เอสพีเอฟ 50(ชิ้น,0,,sivanna
full,8858994498356,HF36 ซีเวนน่า คัลเลอร์ส บันนี่ บาวซี่ ซอฟท์ พัฟ เบอร์ 01 (สีชมพู,0,,sivanna
full,8858994498363,HF36 ซีเวนน่า คัลเลอร์ส บันนี่ บาวซี่ ซอฟท์ พัฟ เบอร์ 02 (สีครีม,0,,sivanna
full,8858994498370,HF36 ซีเวนน่า คัลเลอร์ส บันนี่ บาวซี่ ซอฟท์ พัฟ เบอร์ 03 (สีฟ้า,0,,sivanna
full,8858994498400,Sivanna HF200 ซิเวนน่า คัลเลอร์ส อควา ซันสกีน สเปรย์ เอสพีเอฟ 50 พีเอ+++ (ขวด,0,,sivanna
full,8858994498424,HF40 ซีเวนน่า คัลเลอร์ส บอลลด์ เอ้ก เมคอัพ เบอร์ 01 (สีชมพู,0,,sivanna
full,8858994498431,HF40 ซีเวนน่า คัลเลอร์ส บอลลด์ เอ้ก เมคอัพ เบอร์ 02 (สีม่วง,0,,sivanna
full,8858994498455,HF40 ซีเวนน่า คัลเลอร์ส บอลลด์ เอ้ก เมคอัพ เบอร์ 03 (สีฟ้า,0,,sivanna
full,8859237500508,Skinsista วี พอร์ มินิไมซิ่ง บูสเตอร์ & ครีม (ซอง) สีเขียว,0,,Skinsista
full,8859237500904,Skinsista เรสคิว แอนตี้ แอคเน่ แอมพลู (ซอง),0,,Skinsista
full,8859237501253,Skinsista อัลตร้า บล็อก ไฮบริด ซันสกรีน เอสพีเอฟ 50+ พีเอ++++ (ซอง,0,,Skinsista
full,8859237502274,Skinsista เพอร์เฟค เคลียร์ แอนตี้-แอคแน่ บูสเตอร์ (ซอง) สีแดง,0,,Skinsista
full,8859237502311,Skinsista เนเชอรัล เรตินอล มอยเจอร์ไรเซอร์ สกิน ไบร์ทเทนนิ่ง (ซอง,0,,Skinsista
full,8859237502359,Skinsista เนเชอรัล เรตินอล มอยเจอร์ไรเซอร์ แอนตี้ แอคเน่ (ซอง,0,,Skinsista
full,8859237512204,Skinsista (1ซอง) สกินซิสต้า วี แอคเน่ เคลียร์ สูตรใหม่,0,,Skinsista
full,8859237512228,Skinsista (ซอง) สกินซิสต้า วิตซี เอ็กซ์ตร้า ไบร์ท สูตรใหม่,0,,Skinsista
full,8859237512235,Skinsista (1ซอง) สกินซิสต้า วี แอคเน่ แอนด์ ออยล์ คอนโทรล ซันบล็อก เอสพีเอฟ 50+ พีเอ++++,0,,Skinsista
full,8859237528403,Skinsista ฟลาวเลส ไบร์ท วิตซี บูสเตอร์ (ซอง) สีเหลือง,0,,Skinsista
full,8858842008324,Skynlab ยาสีฟันพรีเมี่ยมหิมาลายัน 100 กรัม,0,,SKYNLAB
full,8858842008379,Skynlab ยาสีฟันเกลือชมพู (ซอง),0,,SKYNLAB
full,8858842008522,Skynlab สกินแล็บ แปรงสีฟันพรีเมี่ยมกับแคร์คุชชั่น (คละสี),0,,SKYNLAB
full,8858842049181,สกินเเล็บ ยาสีฟันออแกนิคพรีเมี่ยมเฮิร์บ 100กรัม,0,,SKYNLAB
full,8858842065020,SKYNLAB ยาสีฟัน(ซอง)12กรัมx6ซอง,0,,SKYNLAB
full,8858842078129,SKYNLAB+ ยาสีฟันออแกนิค (ซอง),0,,SKYNLAB
full,8858842078228,SKYNLAB ยาสีฟันผสมน้ำยาบ้วนปาก (ซอง),0,,SKYNLAB
full,8858842096437,สกินเเล็บ ยาสีฟัน (สีเขียว),0,,SKYNLAB
full,8858842096451,สกินเเล็บ ยาสีฟัน (สีฟ้า),0,,SKYNLAB
full,8858718624788,Smooto อโล-อี สเนลไบร์ทเจล (ซอง),0,,Smooto
full,8858718625501,Smooto โทเมโทคอลลาเจนไวท์เซรั่ม (ซอง),0,,Smooto
full,8858718625525,Smooto โทเมโทคอลลาเจนบีบีแอนด์ซีซีครีม (ซอง),0,,Smooto
full,8858718638761,Smooto โทเมโทอโลสเนลไวท์&แอคเน่สลิปปิ้งเซรั่ม (ซอง,0,,Smooto
full,8858718638822,Smooto โทเมโทอโลสเนลเจลลี่สครับ (ซอง),0,,Smooto
full,8858718639355,Smooto เอ้กคอลลาเจนไวท์เซรั่ม (ซอง),0,,Smooto
full,8858718644939,Smooto เลมอน-ซี สเนลซูทติ้งเจล (ซอง),0,,Smooto
full,8858718644946,Smooto โทเมโทบัลกาเรียโยเกิร์ตไวท์เทนนิ่งซูทติ้งเจล (ซอง,0,,Smooto
full,8859497300207,Smooto ซีซีคุชชั่นอัลตร้าคัฟเวอร์ครีม (ซอง),0,,Smooto
full,8859497300351,Smooto เลม่อน-ซีแอคเน่พลัสไวท์เซรั่ม (ซอง),0,,Smooto
full,8859497300375,Smooto โทเมโทกลูต้าออร่าพลัสสลิปปิ้งมาส์ค (ซอง,0,,Smooto
full,8859497300658,Smooto ซันฟาวเวอร์ ซันสกรีนครีม (ซอง),0,,Smooto
full,8859497302416,Smooto อโล-อี แอคเน่ ไวท์ เซรั่ม โซป สบู่เซรั่มอโล-อี (ซอง,0,,Smooto
full,8859497302454,Smooto อโล-อี แอคเน่ ไวท์ เซรั่ม โซป สบู่เซรั่มมะเขือเทศ (ซอง,0,,Smooto
full,8859497302560,smooto bb cc สูตรใหม่ (ซอง),0,,Smooto
full,8859497302584,smooto มะเขือเทศ92% (ซอง),0,,Smooto
full,8859497303031,สมูทโตะ กันแดดสูตรเย็น (ซอง),0,,Smooto
full,8859497303642,Smooto อาร์บูตินเมลาสม่าไวท์เทนนิ่วเจล (ซอง),0,,Smooto
full,8859497303666,SMOOTO สบู่เซรั่มอาร์บูติน&เห็ดหลินจือ (ซอง),0,,Smooto
full,8859497303932,SMOOTO สเตย์มอร์นู้ดเวลเวทลิป24 (ซอง),0,,Smooto
full,8859497303956,SMOOTO สเตย์มอร์นู้ดเวลเวทลิป36 (ซอง),0,,Smooto
full,8859497303970,Smooto โนมอร์ฟิลเตอร์ฟาวเดชั่น (),0,,Smooto
full,8859497303994,smooto เรดไวน์ไบร์ทเทนนิ่งบูสเตอร์เซรั่ม (ซอง),0,,Smooto
full,8859497304014,Smooto โทเมโท คอลลาเจน บีบี แอนด์ ซีซี ซันสกรีน ครีม,0,,Smooto
full,8859497304045,Smooto วีซีไบร์ทบอดี้บูสเตอร์เซรั่ม (),0,,Smooto
full,8859497304083,Smooto เอเอชเอ สมูทบอดี้บูสเตอร์ เซรั่ม (),0,,Smooto
full,8859497304168,Smooto ไฮยาเซราไมด์มอยส์เจอร์แบริเออร์บูสเตอร์เซรั่ม (ซอง,0,,Smooto
full,8859497304182,SMOOTO อโลซูทติ้งบอดี้สเปรย์ (ซอง),0,,Smooto
full,8859497304274,Smooto ไบร์ทแอนด์คูลบอดี้โลชั่น (ซอง),0,,Smooto
full,8859497304410,Smooto โกลว์แอนด์คูลบอดี้โลชั่น (ซอง),0,,Smooto
full,8859497304427,Smooto สมูทโตะ ไฮยา ซี ไบร์ท อัพ ซันสกรีน,0,,Smooto
full,8859497304458,Smooto พลัมพิ่งเจลลี่ลิป เจ1 (ซอง),0,,Smooto
full,8859497304472,Smooto พลัมพิ่งเจลลี่ลิปเจ2 (ซอง),0,,Smooto
full,8859497304496,Smooto พลัมพิ่งเจลลี่ลิปเจ4 (ซอง),0,,Smooto
full,8859497304519,Smooto พลัมพิ่งเจลลี่ลิป เจ6 (ซอง),0,,Smooto
full,8859497304533,Smooto พลัมพิ่งเจลลี่ลิป เจ8 (ซอง),0,,Smooto
full,8859497304557,Smooto พลัมพิ่งเจลลี่ลิป เจ9 (ซอง),0,,Smooto
full,8859497304755,Smooto เรตินอล รีจู ไบร์ท แอนด์ แอคเน่ เซรั่ม (ซอง,0,,Smooto
full,8859497304991,Smooto พาวเวอร์ซีไฮยามอยส์เจอร์ไรซิ่งเซรั่มโซป (ก้อน,0,,Smooto
full,8859497305004,Smooto ไฮยาเซราไมด์มอยส์เจอร์แบริเออร์บูสเตอร์ เซรั่ม 40กรัม.,0,,Smooto
full,8859497305028,Smooto เรตินอล รีจู ไบร์ท แอนด์ แอคเน่ เซรั่ม (1หลอด) 30 กรัม,0,,Smooto
full,8859497305127,Smooto ไนอะซินาไมด์ ไบร์ทเทนนิ่ง บูสเตอร์ เจลลี่ เซรั่ม (ซอง,0,,Smooto
full,8859497305134,Smooto ไนอะซินาไมด์ ไบร์ทเทนนิ่ง บูสเตอร์ เจลลี่ เซรั่ม (1หลอด,0,,Smooto
full,8859497305158,Smooto วอทส์ ยัวร์ เลิฟ เจลลี่ บลัช เบอร์ 01 (ซอง),0,,Smooto
full,8859497305196,Smooto วอทส์ ยัวร์ เลิฟ เจลลี่ บลัช เบอร์ 03 (ซอง),0,,Smooto
full,8859497305219,Smooto วอทส์ ยัวร์ เลิฟ เจลลี่ บลัช เบอร์ 04 (ซอง),0,,Smooto
full,8859497305233,Smooto วอทส์ ยัวร์ เลิฟ เจลลี่ บลัช เบอร์ 05 (ซอง),0,,Smooto
full,8859497305257,Smooto วอทส์ ยัวร์ เลิฟ เจลลี่ บลัช เบอร์ 06 (ซอง),0,,Smooto
full,8859497305325,Smooto ยูวี พุดดิ้ง วอเตอร์รี เจนเทิล ซันสกรีน (1หลอด),0,,Smooto
full,8859497305356,Smooto ยูวี พุดดิ้ง วอเตอร์รี ไบร์ท ซันสกรีน (1หลอด),0,,Smooto
full,8859497305448,Smooto โทเมโท คอลลาเจน ซูเปอร์ ไวท์ เซรั่ม 30 กรัม,0,,Smooto
full,8859497305523,Smooto ดราก้อน บลัด แอคเน่ ไบร์ท บูสเตอร์ เจล (ซอง,0,,Smooto
short5,78207,กล.,0,,SOLA
full,8800308040249,Sola คุชชั่น อัลตรา แมท SPF50PA+++ #10 (ซอง),0,,SOLA
full,8800308040317,Sola ฟาวเดชั่น ไพรเมอร์ SPF50PA+++ #10 (ซอง),0,,SOLA
full,8809382393012,SOLA BB ไพรเมอร์ SPF50PA++ (ซอง),0,,SOLA
full,8809382393937,Sola คุชชั่น อัลตรา แมท SPF50PA+++ #30 (ซอง),0,,SOLA
full,8809382393975,Sola คุชชั่น อัลตรา แมท SPF50PA+++ #20 (ซอง),0,,SOLA
full,8809442227813,Sola ฟาวเดชั่น ไพรเมอร์ SPF50PA+++ #30 (ซอง),0,,SOLA
full,8809442227882,Sola ฟาวเดชั่น ไพรเมอร์ SPF50PA+++ #20 (ซอง),0,,SOLA
full,8809543254176,SOLA คอลลาเจน วีเดิล ช็อต (ซอง),0,,SOLA
short5,78232,กล.,0,,srichand
full,8858696808842,Srichand ศรีจัทร์ แบร์ ทู เพอร์เฟคท์ ทรานส์ลูเซนท์ พาวเดอร์ 10 กรัม,0,,srichand
full,8858696829885,Srichand แบริเออร์ บูสต์ เอสเซนส์ (ซอง),0,,srichand
full,8858696829946,Srichand แบริเออร์ บูสต์ เซรั่ม (ซอง),0,,srichand
full,8858696830034,Srichand แบริเออร์ บูสต์ ซูทติ้ง เจล ครีม (ซอง),0,,srichand
full,8858696830089,Srichand แบริเออร์ บูสต์ คลีนซิ่ง เจล โฟม (1หลอด),0,,srichand
full,8858696830249,ศรีจันทร์ พอร์เฟกต์ สกิน แมตต์ ไพรเมอร์ 15 กรัม (1หลอด),0,,srichand
full,8858696831338,ศรีจันทร์ แบร์ ทู เพอร์เฟคท์ คอร์เรคติ้ง คอมแพค พาวเดอร์ เบอร์ 01,0,,srichand
full,8858696831369,ศรีจันทร์ แบร์ ทู เพอร์เฟคท์ คอร์เรคติ้ง คอมแพค พาวเดอร์ เบอร์ 02,0,,srichand
full,8858696832113,ศรีจันทร์ เอ็นชานเท็ด คัฟเวอร์ เพอร์เฟคท์ ฟาวเดชั่น เบอร์ 110 (ซอง,0,,srichand
full,8858696832151,ศรีจันทร์ เอ็นชานเท็ด คัฟเวอร์ เพอร์เฟคท์ ฟาวเดชั่น เบอร์ 115 (ซอง,0,,srichand
full,8858696832229,ศรีจันทร์ เอ็นชานเท็ด คัฟเวอร์ เพอร์เฟคท์ ฟาวเดชั่น พาวเดอร์ เบอร์ 110,0,,srichand
full,8858696832267,ศรีจันทร์ เอ็นชานเท็ด คัฟเวอร์ เพอร์เฟคท์ ฟาวเดชั่น พาวเดอร์ เบอร์ 115,0,,srichand
full,8858696832304,ศรีจันทร์ เอ็นชานเท็ด คัฟเวอร์ เพอร์เฟคท์ ฟาวเดชั่น พาวเดอร์ เบอร์ 120,0,,srichand
full,8858696832496,ศรีจันทร์ ซุปเปอร์ คัฟเวอเรจ ออเวส์ แมทต์ คุชชั่น เบอร์ 105,0,,srichand
full,8858696832526,ศรีจันทร์ ซุปเปอร์ คัฟเวอเรจ ออเวส์ แมทต์ คุชชั่น เบอร์ 110,0,,srichand
full,8858696832557,ศรีจันทร์ ซุปเปอร์ คัฟเวอเรจ ออเวส์ แมทต์ คุชชั่น เบอร์ 115,0,,srichand
full,8858696832588,ศรีจันทร์ ซุปเปอร์ คัฟเวอเรจ ออเวส์ แมทต์ คุชชั่น เบอร์ 120,0,,srichand
full,8858696832618,ศรีจันทร์ ซุปเปอร์ คัฟเวอเรจ ออเวส์ แมทต์ คุชชั่น เบอร์ 125,0,,srichand
full,8858696832649,ศรีจันทร์ ซุปเปอร์ คัฟเวอเรจ ออเวส์ แมทต์ คุชชั่น เบอร์ 130,0,,srichand
full,8858696832694,ศรีจันทร์ เอ็นชานเท็ด คัฟเวอร์ เพอร์เฟคท์ คอนซีลเลอร์ เบอร์ 105,0,,srichand
full,8858696832724,ศรีจันทร์ เอ็นชานเท็ด คัฟเวอร์ เพอร์เฟคท์ คอนซีลเลอร์ เบอร์ 110,0,,srichand
full,8858696832755,ศรีจันทร์ เอ็นชานเท็ด คัฟเวอร์ เพอร์เฟคท์ คอนซีลเลอร์ เบอร์ 120,0,,srichand
full,8858696832786,ศรีจันทร์ เอ็นชานเท็ด คัฟเวอร์ เพอร์เฟคท์ คอนซีลเลอร์ เบอร์ 130,0,,srichand
full,8858696832878,ศรีจันทร์ เอ็นชานเท็ด คัฟเวอร์ เพอร์เฟคท์ ฟาวเดชั่น เบอร์ 105 .,0,,srichand
full,8858696832939,ศรีจันทร์ เอ็นชานเท็ด คัฟเวอร์ เพอร์เฟคท์ ฟาวเดชั่น เบอร์ 115 .,0,,srichand
full,8858696832960,ศรีจันทร์ เอ็นชานเท็ด คัฟเวอร์ เพอร์เฟคท์ ฟาวเดชั่น เบอร์ 120 .,0,,srichand
full,8858696832991,ศรีจันทร์ เอ็นชานเท็ด คัฟเวอร์ เพอร์เฟคท์ ฟาวเดชั่น เบอร์ 125 .,0,,srichand
full,8858696833028,ศรีจันทร์ เอ็นชานเท็ด คัฟเวอร์ เพอร์เฟคท์ ฟาวเดชั่น เบอร์ 130 .,0,,srichand
full,8858696833059,ศรีจันทร์ เอ็นชานเท็ด คัฟเวอร์ เพอร์เฟคท์ ฟาวเดชั่น พาวเดอร์ สี 105,0,,srichand
full,8858696833080,ศรีจันทร์ เอ็นชานเท็ด คัฟเวอร์ เพอร์เฟคท์ ฟาวเดชั่น พาวเดอร์ สี 110,0,,srichand
full,8858696833110,ศรีจันทร์ เอ็นชานเท็ด คัฟเวอร์ เพอร์เฟคท์ ฟาวเดชั่น พาวเดอร์ สี 115,0,,srichand
full,8858696833141,ศรีจันทร์ เอ็นชานเท็ด คัฟเวอร์ เพอร์เฟคท์ ฟาวเดชั่น พาวเดอร์ สี 120,0,,srichand
full,8858696833172,ศรีจันทร์ เอ็นชานเท็ด คัฟเวอร์ เพอร์เฟคท์ ฟาวเดชั่น พาวเดอร์ สี 125,0,,srichand
full,8858696833202,ศรีจันทร์ เอ็นชานเท็ด คัฟเวอร์ เพอร์เฟคท์ ฟาวเดชั่น พาวเดอร์ สี 130,0,,srichand
full,8859279806118,TB102 ทีมมี่ ทรู เลิฟ บลัชเชอร์ เบอร์ 01,0,,TEAMMY
full,8859279806125,TB102 ทีมมี่ ทรู เลิฟ บลัชเชอร์ เบอร์ 02,0,,TEAMMY
full,8859279806132,TB102 ทีมมี่ ทรู เลิฟ บลัชเชอร์ เบอร์ 03,0,,TEAMMY
full,8859279806149,TB102 ทีมมี่ ทรู เลิฟ บลัชเชอร์ เบอร์ 04,0,,TEAMMY
full,8859279806217,TB103 ลูมินัส โกลว์ บลัช เบอร์ 01,0,,TEAMMY
full,8859279806224,TB103 ลูมินัส โกลว์ บลัช เบอร์ 02,0,,TEAMMY
full,8859279806231,TB103 ลูมินัส โกลว์ บลัช เบอร์ 03,0,,TEAMMY
full,8859279806248,TB103 ลูมินัส โกลว์ บลัช เบอร์ 04,0,,TEAMMY
full,8859279806255,TB103 ลูมินัส โกลว์ บลัช เบอร์ 05,0,,TEAMMY
full,8859279806262,TB103 ลูมินัส โกลว์ บลัช เบอร์ 06,0,,TEAMMY
full,8859279806279,TB105 ทีมมี่ ทวินเกิ้ล ดูโอ บลัช เบอร์ 01,0,,TEAMMY
full,8859279806286,TB105 ทีมมี่ ทวินเกิ้ล ดูโอ บลัช เบอร์ 02,0,,TEAMMY
full,8859279806293,TB105 ทีมมี่ ทวินเกิ้ล ดูโอ บลัช เบอร์ 03,0,,TEAMMY
full,8859279806309,TB105 ทีมมี่ ทวินเกิ้ล ดูโอ บลัช เบอร์ 04,0,,TEAMMY
full,8859279806316,TB105 ทีมมี่ ทวินเกิ้ล ดูโอ บลัช เบอร์ 05,0,,TEAMMY
full,8859279806323,TH599 ทีมมี่ คริสตัล โกลว์ ไฮไลท์เตอร์ เบอร์ 01,0,,TEAMMY
full,8859279806330,TH599 ทีมมี่ คริสตัล โกลว์ ไฮไลท์เตอร์ เบอร์ 02,0,,TEAMMY
full,8859279806347,TH599 ทีมมี่ คริสตัล โกลว์ ไฮไลท์เตอร์ เบอร์ 03,0,,TEAMMY
full,8859279806354,TE905 TEAMMY ฟอร์เอฟเวอร์ ยัวร์ซ อายชาโดว์ เบอร์ 01,0,,TEAMMY
full,8859279806361,TE905 TEAMMY ฟอร์เอฟเวอร์ ยัวร์ซ อายชาโดว์ เบอร์ 02,0,,TEAMMY
full,8859279806378,TE905 TEAMMY ฟอร์เอฟเวอร์ ยัวร์ซ อายชาโดว์ เบอร์ 03,0,,TEAMMY
full,8859690415586,Thai Moni พีดีอาร์เอ็น ฟิลเลอร์ พลัมปิ้ง แกลซซี่ ทินท์ เบอร์ 01,0,,THAI MONI
full,8859690415593,Thai Moni พีดีอาร์เอ็น ฟิลเลอร์ พลัมปิ้ง แกลซซี่ ทินท์ เบอร์ 02,0,,THAI MONI
full,8859690415609,Thai Moni พีดีอาร์เอ็น ฟิลเลอร์ พลัมปิ้ง แกลซซี่ ทินท์ เบอร์ 03,0,,THAI MONI
full,8859690415616,Thai Moni พีดีอาร์เอ็น ฟิลเลอร์ พลัมปิ้ง แกลซซี่ ทินท์ เบอร์ 04,0,,THAI MONI
full,8859690415623,Thai Moni พีดีอาร์เอ็น ฟิลเลอร์ พลัมปิ้ง แกลซซี่ ทินท์ เบอร์ 05,0,,THAI MONI
full,8859690415630,Thai Moni พีดีอาร์เอ็น ฟิลเลอร์ พลัมปิ้ง แกลซซี่ ทินท์ เบอร์ 06,0,,THAI MONI
full,8859701305769,The Ingredients เซราไมด์ & ซิก้า ดีพ มอยเจอร์ไรเซอร์ เจล (ซอง,0,,the lngredients
full,8859701305981,The Ingredients โรส โกลว์ มอยส์เจอร์ไรเซอร์ บูสเตอร์ เจล (ซอง,0,,the lngredients
full,8859701306780,The Ingredients วิตามินบี 12 ฟลูฟิล ล็อก สกิน เซรั่ม (ซอง,0,,the lngredients
full,8859701307657,The Ingredients กลาส สกิน ไฮโดร โกลว์ มาสก์ (ซอง,0,,the lngredients
full,8859701307992,The Ingredients อโล วิป ซี แอนด์ อี โซป (ก้อน),0,,the lngredients
full,8859701308012,The Ingredients ไรซ์ มิลค์ เมลาสม่า ไวท์เทนนิ่ง โซป (ก้อน,0,,the lngredients
full,8859701308036,The Ingredients โกท มิลค์ ไวท์เทนนิ่ง โซป (ก้อน),0,,the lngredients
full,8859701309019,The Ingredients วิตามินซี ไวท์ แอนด์ เฟิร์ม เซรั่ม (ซอง,0,,the lngredients
full,8859097200334,The Original ชาร์โคล ดีพคลีนซิ่งโนสพอร์สตรับส์ (ซอง,0,,TheOriginal
full,8859097200501,The Original ชาร์โคล พิลออฟมาส์ค (ซอง),0,,TheOriginal
full,8859097200518,ดิ ออริจินัล ชาร์โคลพิลออฟมาส์ค,0,,TheOriginal
full,8859097200686,The Original เฟรช มิลล์ พิลออฟ มาส์ก (ซอง),0,,TheOriginal
full,8859097200860,ดิ ออริจินัล แบล็คเฮดไฟท์ติ้งมาส์ก (ซอง),0,,TheOriginal
full,8859097201119,The original แอนไทริงเคิลบูสเตอร์แอมพูล (แพ็ค),0,,TheOriginal
full,8859097201133,The original กลูต้าวิตซีบูสเตอร์แอมพูล (แพ็ค),0,,TheOriginal
full,8859097201157,The Original ออยรีมูฟวิ่งชีท (แผ่น),0,,TheOriginal
full,8859097201324,The Original ไนอะซินาไมด์ แมกเนท อาย มาส์ก (ซอง,0,,TheOriginal
full,8859097201355,The Original อีซี่ แฮร์ รีมูฟวอล ครีม เซีย บัตเตอร์ พีช (ซอง,0,,TheOriginal
full,8859097201461,The Original 2 โซน มาส์ก แอคเน่-โพรน สกิน (ซอง,0,,TheOriginal
full,8859097201485,The Original คอลลาเจน แร็พปิ้ง มาส์ก (ซอง),0,,TheOriginal
full,8858711955148,วูเน่ วิตซี เซรั่ม (ซอง),0,,WOONAE
full,8858711955162,วูเน่ เรดดี้ไวท์บูสเตอร์เซรั่ม (ซอง),0,,WOONAE
full,8858711961002,วูเน่ เซรั่มมณีแดง (ซอง),0,,WOONAE
full,8858711962702,วูเน่ รองพื้นเนื้อแมทท์ SPF50PA++++ #02 (ซอง),0,,WOONAE
full,8858711962719,วูเน่ เมจิกวิ้งค์ไวท์กลูต้าบอดี้โลชั่น (ซอง),0,,WOONAE
full,8858711962726,วูเน่ อโลซูทติ้งเจล (ซอง),0,,WOONAE
full,8858711964492,วูเน่ กลูต้า เฟมินีน คลีนเซอร์(ซอง),0,,WOONAE
full,8858711970189,วูเน่ แอนตี้เมลาสม่า เอ็กซ์50เพียวไวท์เซรั่ม (ซอง),0,,WOONAE
full,8858711971612,วูเน่ แอนตี้ดาร์กครีม (),0,,WOONAE
full,8858711974460,วูเน่ คัฟเวอร์ซอฟท์แมทท์คุชชั่น 02 (ชิ้น),0,,WOONAE
full,8858711974781,วูเน่ คัฟเวอร์ซอฟท์แมทท์คุชชั่น 01 (ชิ้น),0,,WOONAE
full,8858711978352,วูเน่ เมจิกกลอสซี่ลิปเลิฟโพชั่น (ชิ้น),0,,WOONAE
full,8858711978383,วูเน่ เคลียร์ซันสติ๊ก (ชิ้น),0,,WOONAE
full,8858711979236,วูเน่ ไวท์ค็อกเทลเซรั่ม (ซอง),0,,WOONAE
full,8858711979250,วูเน่ แบล็คโรส 2 ลิป จูบิลี่โรเซ่ (ชิ้น),0,,WOONAE
full,8858711979281,วูเน่ แบล็คโรส 2 ลิป รูบี้รูจ (ชิ้น),0,,WOONAE
full,8858711979311,วูเน่ แบล็คโรส 2 ลิป เลดี้ออฟชาล็อต (ชิ้น),0,,WOONAE
full,8858711979410,วูเน่ เมลท์ติ้งคลีนซิ่งบาล์ม (ซอง),0,,WOONAE
full,8858711989600,Woonae โกลว์วี่ ยัง พรี-เซรั่ม พลัส มาสก์ ชมพู (ซอง,0,,WOONAE
full,8858711989631,Woonae ดิวอี้ ยัง พรี-เซรั่ม พลัส มาสก์ สีส้ม (ซอง),0,,WOONAE
full,8858711989662,Woonae เคลียร์ลี่ ยัง พรี-เซรั่ม พลัส มาสก์ สีเขียว (ซอง,0,,WOONAE
full,8858711989693,Woonae บาร์ยี้ ยัง พรี-เซรั่ม พลัส มาสก์ สีแดง (ซอง,0,,WOONAE
full,8858711989778,วูเน่ แบล็คกี้ ยัง เคิร์ล มาสแคร์ (ชิ้น),0,,WOONAE
short5,78204,y.a.p.u แป้งพัพ เบอร์ 01,0,,y.a.p.u
short5,78205,y.a.p.u แป้งพัพ เบอร์ 02,0,,y.a.p.u
short5,78206,y.a.p.u แป้งพัพ เบอร์ 03,0,,y.a.p.u
full,8991748015543,Y.O.U คลาวด์ เพนด์ แมท ลาสติ้ง ลิป ครีม R346,0,,Y.O.U.
full,8991748015550,Y.O.U คลาวด์ เพนด์ แมท ลาสติ้ง ลิป ครีม R667,0,,Y.O.U.
full,8991748015567,Y.O.U คลาวด์ เพนด์ แมท ลาสติ้ง ลิป ครีม R747,0,,Y.O.U.
full,8991748015574,Y.O.U คลาวด์ เพนด์ แมท ลาสติ้ง ลิป ครีม R448,0,,Y.O.U.
full,8991748015581,Y.O.U คลาวด์ เพนด์ แมท ลาสติ้ง ลิป ครีม R565,0,,Y.O.U.
full,8991748015598,Y.O.U คลาวด์ เพนด์ แมท ลาสติ้ง ลิป ครีม R476,0,,Y.O.U.
full,8991748015604,Y.O.U คลาวด์ เพนด์ แมท ลาสติ้ง ลิป ครีม R865,0,,Y.O.U.
full,8991748015611,Y.O.U คลาวด์ เพนด์ แอร์รี่ R868,0,,Y.O.U.
full,8991748015628,Y.O.U คลาวด์ เพนด์ แอร์รี่ R667,0,,Y.O.U.
full,8991748015635,Y.O.U คลาวด์ เพนด์ แอร์รี่ R688,0,,Y.O.U.
full,8991748015642,Y.O.U คลาวด์ เพนด์ แอร์รี่ R567,0,,Y.O.U.
full,8991748015659,Y.O.U คลาวด์ เพนด์ แอร์รี่ R199,0,,Y.O.U.
full,8991748015673,Y.O.U คลาวด์ เพนด์ แอร์รี่ R646,0,,Y.O.U.
full,8991748015680,Y.O.U คลาวด์ เพนด์ แอร์รี่ R957,0,,Y.O.U.
full,8991748017752,Y.O.U แอคเน่ รีเฟรชชิ่ง ไมเซล่า วอเตอร์ .,0,,Y.O.U.
full,8991748017769,Y.O.U โกลว์ บูสติ้ง ไมเซล่า วอเตอร์ .,0,,Y.O.U.
full,8857123235923,เต่าเหยียบโลก โพรเทคโรลออน (แพ็คx3ชิ้น),0,,เต่าเหยียบโลก
full,8859810800100,เต่าเหยียบโลก คลู เฟรช ดีโอ สเปรย์,0,,เต่าเหยียบโลก
full,8857123061539,เทพไทย ยาสีฟันเทพไทย รสอ่อนโยน เฟรชมิ้นท์ (สีเขียว),0,,เทพไทย
full,8857123061652,เทพไทย ยาสีฟันเทพไทย รสอ่อนโยน เฟรชฟรุ๊ต (สีส้ม),0,,เทพไทย
full,8859141304506,Mille สเนลไบร์ทไพรเมอร์ (ซอง),0,,มิลเล่
full,8859141304537,Mille ซุปเปอร์ไวท์เทนนิ่งโกลด์โรสบีบีครีม 01 (ซอง),0,,มิลเล่
full,8859141304568,Mille โทนอัพเบบี้กรีนเบส (ซอง),0,,มิลเล่
full,8859141306661,Mille สเนลคอลลาเจนวิตามินพลัสวอเทอร์รี่ซันสกรีน (ซอง,0,,มิลเล่
full,8858799595403,เมจิ เซรั่มอัญชั่น (ซอง),0,,เมจิ
full,8858799595427,เมจิ ปิดผมขาว (ซอง),0,,เมจิ
full,8858799595670,เมจิ ผมดกดำ (ซอง),0,,เมจิ
full,8858799596868,เมจิ ผมเรียบ (ซอง),0,,เมจิ
full,8854609000747,ยันฮี บิวตี้ เบรส ครีม 100 กรัม (1หลอด),0,,ยันฮี
full,8854609002970,ยันฮี คลีนซิ่ง เจล 50 กรัม,0,,ยันฮี
full,8854609002987,ยันฮี บิวตี้ เบรส ครีม 30 กรัม (1หลอด),0,,ยันฮี
full,8854609003618,ยันฮี อาย เจล (ชิ้น),0,,ยันฮี
full,8854609003755,ยันฮี พิ้งค์ เจล (หลอด),0,,ยันฮี
full,8854609003762,ยันฮี เจลทารักแร้ (หลอด),0,,ยันฮี
full,8854609006411,ยันฮี เมล่าครีม (หลอด20g.),0,,ยันฮี
full,8854609011262,ยันฮี ด๊อกเตอร์ ยันฮี บอดี้ โลชั่น (1หลอด),0,,ยันฮี
short5,78227,หล.,0,,สินค้าสร้างบราโค้ชเอง
short5,78208,Sea'zar ปลาแผ่นกรอบ รส ดั่งเดิม,0,,อาหาร
